time,temperature_2m,precipitation,wind_speed_10m,cloud_cover,is_day
2026-07-30T00:00,29.5,0.0,8.3,0,0
2026-07-30T01:00,27.9,0.0,10.0,0,0
2026-07-30T02:00,24.5,0.0,9.2,0,0
2026-07-30T03:00,23.5,0.0,7.9,0,0
2026-07-30T04:00,22.7,0.0,7.4,0,0
2026-07-30T05:00,21.9,0.0,7.7,4,0
2026-07-30T06:00,21.2,0.0,9.0,13,0
2026-07-30T07:00,20.9,0.0,7.8,44,1
2026-07-30T08:00,20.9,0.0,8.7,83,1
2026-07-30T09:00,22.2,0.0,9.4,99,1
2026-07-30T10:00,22.3,0.1,10.9,100,1
2026-07-30T11:00,20.5,2.0,4.5,100,1
2026-07-30T12:00,20.0,1.4,4.3,98,1
2026-07-30T13:00,23.1,0.0,10.1,100,1
2026-07-30T14:00,22.7,0.0,4.4,31,1
2026-07-30T15:00,25.3,0.0,5.6,19,1
2026-07-30T16:00,26.9,0.0,7.5,32,1
2026-07-30T17:00,28.1,0.0,8.9,62,1
2026-07-30T18:00,28.6,0.0,8.2,30,1
2026-07-30T19:00,28.5,0.0,7.6,14,1
2026-07-30T20:00,28.1,0.0,5.8,22,1
2026-07-30T21:00,26.4,0.0,4.5,55,1
2026-07-30T22:00,24.5,0.0,3.6,72,0
2026-07-30T23:00,23.3,0.0,11.1,72,0
2026-07-31T00:00,21.4,0.0,10.4,89,0
2026-07-31T01:00,20.8,0.0,10.1,66,0
2026-07-31T02:00,19.6,0.0,8.4,70,0
2026-07-31T03:00,19.4,0.0,6.7,99,0
2026-07-31T04:00,19.0,0.0,5.5,99,0
2026-07-31T05:00,18.9,0.0,3.9,100,0
2026-07-31T06:00,18.6,0.0,4.3,100,0
2026-07-31T07:00,18.5,0.0,4.5,100,1
2026-07-31T08:00,18.2,0.0,5.9,97,1
2026-07-31T09:00,19.3,0.0,5.5,17,1
2026-07-31T10:00,20.9,0.0,5.2,77,1
2026-07-31T11:00,22.2,0.0,4.3,84,1
2026-07-31T12:00,23.4,0.0,4.3,57,1
2026-07-31T13:00,24.4,0.0,4.8,23,1
2026-07-31T14:00,25.6,0.0,7.0,51,1
2026-07-31T15:00,26.9,0.0,7.9,50,1
2026-07-31T16:00,27.0,0.0,8.1,68,1
2026-07-31T17:00,27.3,0.0,8.0,35,1
2026-07-31T18:00,27.3,0.0,6.9,98,1
2026-07-31T19:00,27.2,0.0,5.9,81,1
2026-07-31T20:00,26.7,0.0,8.1,21,1
2026-07-31T21:00,24.8,0.0,12.4,36,1
2026-07-31T22:00,23.0,0.0,13.3,45,0
2026-07-31T23:00,21.4,0.0,12.0,4,0
2026-08-01T00:00,20.4,0.0,9.4,27,0
2026-08-01T01:00,19.6,0.0,9.4,95,0
2026-08-01T02:00,18.5,0.0,9.9,98,0
2026-08-01T03:00,18.2,0.2,9.7,99,0
2026-08-01T04:00,17.6,0.1,7.8,91,0
2026-08-01T05:00,17.4,0.0,6.4,98,0
2026-08-01T06:00,17.3,0.0,7.3,95,0
2026-08-01T07:00,17.2,0.0,8.0,55,1
2026-08-01T08:00,17.4,0.0,7.3,47,1
2026-08-01T09:00,18.7,0.0,6.2,1,1
2026-08-01T10:00,20.2,0.0,5.9,0,1
2026-08-01T11:00,21.9,0.0,6.0,2,1
2026-08-01T12:00,23.4,0.0,6.0,1,1
2026-08-01T13:00,24.6,0.0,5.0,5,1
2026-08-01T14:00,26.1,0.0,3.9,29,1
2026-08-01T15:00,26.7,0.0,4.3,76,1
2026-08-01T16:00,27.2,0.0,3.6,95,1
2026-08-01T17:00,27.5,0.0,4.8,94,1
2026-08-01T18:00,27.2,0.0,6.3,100,1
2026-08-01T19:00,26.9,0.0,6.2,100,1
2026-08-01T20:00,26.5,0.0,5.4,93,1
2026-08-01T21:00,25.7,0.0,5.8,64,1
2026-08-01T22:00,23.7,0.0,5.3,73,0
2026-08-01T23:00,22.4,0.0,10.2,75,0
2026-08-02T00:00,21.0,0.0,9.7,69,0
2026-08-02T01:00,20.1,0.0,7.2,18,0
2026-08-02T02:00,18.5,0.0,8.0,0,0
2026-08-02T03:00,17.9,0.0,6.0,0,0
2026-08-02T04:00,17.4,0.0,5.1,0,0
2026-08-02T05:00,16.9,0.0,5.2,0,0
2026-08-02T06:00,16.4,0.0,5.4,5,0
2026-08-02T07:00,16.2,0.0,5.9,0,1
2026-08-02T08:00,17.1,0.0,6.1,0,1
2026-08-02T09:00,19.3,0.0,4.2,5,1
2026-08-02T10:00,22.1,0.0,4.8,29,1
2026-08-02T11:00,24.9,0.0,6.2,31,1
2026-08-02T12:00,26.9,0.0,6.8,41,1
2026-08-02T13:00,28.2,0.0,5.6,35,1
2026-08-02T14:00,29.9,0.0,4.9,48,1
2026-08-02T15:00,30.7,0.0,5.4,83,1
2026-08-02T16:00,31.3,0.0,6.7,92,1
2026-08-02T17:00,31.5,0.0,7.5,96,1
2026-08-02T18:00,31.6,0.0,7.7,100,1
2026-08-02T19:00,31.2,0.0,8.4,100,1
2026-08-02T20:00,30.9,0.0,10.0,100,1
2026-08-02T21:00,29.7,0.0,10.1,89,1
2026-08-02T22:00,28.0,0.0,8.7,75,0
2026-08-02T23:00,26.7,0.0,8.5,41,0
2026-08-03T00:00,25.7,0.0,8.0,6,0
2026-08-03T01:00,25.1,0.0,6.8,11,0
2026-08-03T02:00,22.9,0.0,7.6,5,0
2026-08-03T03:00,22.1,0.0,6.3,9,0
2026-08-03T04:00,21.5,0.0,4.8,28,0
2026-08-03T05:00,21.0,0.0,3.9,60,0
2026-08-03T06:00,20.8,0.0,4.2,92,0
2026-08-03T07:00,20.7,0.0,5.9,96,1
2026-08-03T08:00,21.3,0.0,6.3,94,1
2026-08-03T09:00,23.6,0.0,4.5,83,1
2026-08-03T10:00,26.7,0.0,2.8,76,1
2026-08-03T11:00,29.6,0.0,3.8,62,1
2026-08-03T12:00,32.4,0.0,5.8,48,1
2026-08-03T13:00,34.3,0.0,6.9,69,1
2026-08-03T14:00,32.8,0.0,12.5,77,1
2026-08-03T15:00,33.2,0.2,5.1,86,1
2026-08-03T16:00,30.9,0.8,15.0,99,1
2026-08-03T17:00,32.1,0.1,9.5,97,1
2026-08-03T18:00,32.7,0.0,9.0,98,1
2026-08-03T19:00,32.4,0.0,6.1,100,1
2026-08-03T20:00,26.6,0.0,3.6,98,1
2026-08-03T21:00,27.3,0.2,5.0,59,1
2026-08-03T22:00,26.7,0.0,2.8,16,0
2026-08-03T23:00,25.9,0.0,3.9,78,0
2026-08-04T00:00,25.4,0.0,6.8,88,0
2026-08-04T01:00,24.6,0.0,6.8,76,0
2026-08-04T02:00,23.2,0.0,4.6,77,0
2026-08-04T03:00,21.7,0.3,6.8,98,0
2026-08-04T04:00,21.8,0.1,0.9,100,0
2026-08-04T05:00,21.5,0.0,9.3,98,0
2026-08-04T06:00,21.3,0.0,5.1,99,0
2026-08-04T07:00,21.3,0.0,2.9,94,1
2026-08-04T08:00,21.9,0.0,7.9,46,1
2026-08-04T09:00,23.4,0.0,8.8,49,1
2026-08-04T10:00,24.3,0.0,10.1,100,1
2026-08-04T11:00,24.9,0.0,10.0,51,1
2026-08-04T12:00,26.4,0.0,10.5,16,1
2026-08-04T13:00,28.5,0.0,12.0,30,1
2026-08-04T14:00,28.5,0.2,10.1,23,1
2026-08-04T15:00,30.2,0.1,10.5,9,1
2026-08-04T16:00,30.8,0.0,12.2,4,1
2026-08-04T17:00,31.0,0.0,13.0,0,1
2026-08-04T18:00,30.3,0.0,16.4,17,1
2026-08-04T19:00,30.1,0.0,11.8,14,1
2026-08-04T20:00,29.1,0.0,12.8,2,1
2026-08-04T21:00,28.2,0.0,12.9,33,1
2026-08-04T22:00,27.2,0.0,12.0,2,0
2026-08-04T23:00,26.0,0.0,11.5,7,0
2026-08-05T00:00,25.1,0.0,13.8,7,0
2026-08-05T01:00,24.7,0.0,13.6,5,0
2026-08-05T02:00,23.4,0.0,12.5,2,0
2026-08-05T03:00,22.6,0.0,10.6,1,0
2026-08-05T04:00,21.7,0.0,10.3,1,0
2026-08-05T05:00,21.0,0.0,9.8,0,0
2026-08-05T06:00,20.3,0.0,9.3,0,0
2026-08-05T07:00,19.8,0.0,9.5,3,1
2026-08-05T08:00,20.6,0.0,10.9,16,1
2026-08-05T09:00,21.6,0.0,11.9,11,1
2026-08-05T10:00,22.9,0.0,12.5,25,1
2026-08-05T11:00,24.3,0.0,13.1,22,1
2026-08-05T12:00,25.6,0.0,14.4,16,1
2026-08-05T13:00,26.5,0.0,15.1,77,1
2026-08-05T14:00,26.3,0.0,15.3,100,1
2026-08-05T15:00,26.9,0.0,14.7,93,1
2026-08-05T16:00,27.3,0.0,15.6,97,1
2026-08-05T17:00,27.0,0.0,15.7,97,1
2026-08-05T18:00,26.2,0.0,15.5,100,1
2026-08-05T19:00,25.5,0.0,14.9,100,1
2026-08-05T20:00,25.1,0.0,12.7,100,1
2026-08-05T21:00,24.7,0.0,12.8,17,1
2026-08-05T22:00,22.5,0.0,14.6,15,0
2026-08-05T23:00,21.7,0.0,12.9,7,0
2026-08-06T00:00,20.9,0.0,10.1,6,0
2026-08-06T01:00,20.0,0.0,8.7,1,0
2026-08-06T02:00,18.4,0.0,7.3,84,0
2026-08-06T03:00,18.2,0.0,6.1,100,0
2026-08-06T04:00,17.7,0.0,6.8,61,0
2026-08-06T05:00,17.1,0.0,6.1,70,0
2026-08-06T06:00,16.7,0.0,5.1,45,0
2026-08-06T07:00,16.2,0.0,5.8,63,1
2026-08-06T08:00,16.6,0.0,5.0,100,1
2026-08-06T09:00,17.6,0.0,5.2,37,1
2026-08-06T10:00,19.1,0.0,5.8,20,1
2026-08-06T11:00,20.8,0.0,7.2,30,1
2026-08-06T12:00,22.1,0.0,8.5,23,1
2026-08-06T13:00,23.1,0.0,9.3,22,1
2026-08-06T14:00,24.1,0.0,10.6,27,1
2026-08-06T15:00,24.7,0.0,10.7,31,1
2026-08-06T16:00,24.8,0.0,11.2,27,1
2026-08-06T17:00,24.6,0.0,11.1,27,1
2026-08-06T18:00,24.7,0.0,9.4,13,1
2026-08-06T19:00,24.5,0.0,10.0,5,1
2026-08-06T20:00,24.0,0.0,11.2,14,1
2026-08-06T21:00,22.7,0.0,13.9,13,1
2026-08-06T22:00,21.1,0.0,15.0,0,0
2026-08-06T23:00,19.6,0.0,13.1,0,0
2026-08-07T00:00,18.6,0.0,9.2,0,0
2026-08-07T01:00,17.8,0.0,8.4,0,0
2026-08-07T02:00,15.9,0.0,8.5,0,0
2026-08-07T03:00,15.0,0.0,7.3,0,0
2026-08-07T04:00,14.3,0.0,5.8,0,0
2026-08-07T05:00,13.7,0.0,4.8,0,0
2026-08-07T06:00,13.2,0.0,4.0,0,0
2026-08-07T07:00,12.7,0.0,3.6,0,1
2026-08-07T08:00,13.9,0.0,3.9,0,1
2026-08-07T09:00,15.7,0.0,5.5,0,1
2026-08-07T10:00,17.9,0.0,6.7,0,1
2026-08-07T11:00,20.1,0.0,6.0,0,1
2026-08-07T12:00,22.3,0.0,4.7,0,1
2026-08-07T13:00,23.7,0.0,3.5,24,1
2026-08-07T14:00,24.7,0.0,4.2,0,1
2026-08-07T15:00,25.7,0.0,6.2,0,1
2026-08-07T16:00,26.3,0.0,7.5,0,1
2026-08-07T17:00,26.7,0.0,8.9,0,1
2026-08-07T18:00,26.7,0.0,9.5,0,1
2026-08-07T19:00,26.3,0.0,9.6,0,1
2026-08-07T20:00,26.1,0.0,9.2,0,1
2026-08-07T21:00,25.1,0.0,7.9,0,1
2026-08-07T22:00,23.2,0.0,5.9,0,0
2026-08-07T23:00,21.8,0.0,6.1,0,0
2026-08-08T00:00,20.7,0.0,5.4,0,0
2026-08-08T01:00,19.6,0.0,5.4,0,0
2026-08-08T02:00,19.0,0.0,5.7,0,0
2026-08-08T03:00,18.2,0.0,5.5,0,0
2026-08-08T04:00,17.5,0.0,5.0,0,0
2026-08-08T05:00,16.7,0.0,4.5,9,0
2026-08-08T06:00,16.1,0.0,3.9,0,0
2026-08-08T07:00,15.7,0.0,3.3,0,1
2026-08-08T08:00,16.4,0.0,3.6,0,1
2026-08-08T09:00,17.9,0.0,5.4,7,1
2026-08-08T10:00,20.0,0.0,7.2,2,1
2026-08-08T11:00,22.4,0.0,6.6,0,1
2026-08-08T12:00,24.9,0.0,6.3,4,1
2026-08-08T13:00,27.0,0.0,6.2,100,1
2026-08-08T14:00,28.2,0.0,5.9,1,1
2026-08-08T15:00,29.5,0.0,4.3,0,1
2026-08-08T16:00,30.2,0.0,3.7,0,1
2026-08-08T17:00,30.7,0.0,3.4,0,1
2026-08-08T18:00,30.9,0.0,4.2,0,1
2026-08-08T19:00,30.8,0.0,5.2,0,1
2026-08-08T20:00,30.5,0.0,3.1,0,1
2026-08-08T21:00,29.6,0.0,0.8,0,1
2026-08-08T22:00,28.3,0.0,1.1,0,0
2026-08-08T23:00,27.0,0.0,2.2,0,0
2026-08-09T00:00,25.5,0.0,3.2,0,0
2026-08-09T01:00,24.2,0.0,2.9,3,0
2026-08-09T02:00,22.4,0.0,2.4,37,0
2026-08-09T03:00,21.3,0.0,2.0,65,0
2026-08-09T04:00,20.3,0.0,2.7,94,0
2026-08-09T05:00,19.8,0.0,2.2,100,0
2026-08-09T06:00,19.4,0.0,2.3,100,0
2026-08-09T07:00,19.2,0.0,2.9,100,1
2026-08-09T08:00,19.9,0.0,2.6,90,1
2026-08-09T09:00,21.0,0.0,2.3,100,1
2026-08-09T10:00,22.8,0.0,2.3,100,1
2026-08-09T11:00,24.6,0.0,5.5,100,1
2026-08-09T12:00,26.3,0.0,6.6,73,1
2026-08-09T13:00,28.3,0.0,6.2,99,1
2026-08-09T14:00,27.6,0.0,4.4,69,1
2026-08-09T15:00,29.8,0.0,4.3,32,1
2026-08-09T16:00,31.2,0.0,6.2,46,1
2026-08-09T17:00,32.3,0.0,5.4,0,1
2026-08-09T18:00,33.1,0.0,8.3,26,1
2026-08-09T19:00,33.0,0.0,11.2,68,1
2026-08-09T20:00,32.1,0.0,7.4,20,1
2026-08-09T21:00,31.2,0.0,3.7,41,1
2026-08-09T22:00,29.9,0.1,2.9,54,0
2026-08-09T23:00,27.4,0.0,12.5,30,0
2026-08-10T00:00,25.9,0.0,10.8,0,0
2026-08-10T01:00,24.8,0.0,7.4,27,0
2026-08-10T02:00,23.7,0.0,5.6,13,0
2026-08-10T03:00,22.8,0.0,5.4,29,0
2026-08-10T04:00,21.9,0.0,5.4,5,0
2026-08-10T05:00,21.3,0.0,4.8,35,0
2026-08-10T06:00,20.7,0.0,4.5,5,0
2026-08-10T07:00,20.3,0.0,3.9,0,1
2026-08-10T08:00,20.4,0.0,4.8,8,1
2026-08-10T09:00,21.2,0.0,6.9,1,1
2026-08-10T10:00,22.5,0.0,7.1,0,1
2026-08-10T11:00,24.7,0.0,7.7,0,1
2026-08-10T12:00,26.6,0.0,8.7,15,1
2026-08-10T13:00,28.3,0.0,8.9,2,1
2026-08-10T14:00,29.4,0.0,8.7,0,1
2026-08-10T15:00,30.5,0.0,9.0,0,1
2026-08-10T16:00,31.1,0.0,9.1,0,1
2026-08-10T17:00,31.6,0.0,9.5,1,1
2026-08-10T18:00,31.4,0.0,9.2,0,1
2026-08-10T19:00,31.0,0.0,9.2,0,1
2026-08-10T20:00,30.6,0.0,9.1,0,1
2026-08-10T21:00,29.4,0.0,9.7,0,1
2026-08-10T22:00,27.4,0.0,10.6,0,0
2026-08-10T23:00,25.6,0.0,12.3,0,0
2026-08-11T00:00,24.2,0.0,10.8,0,0
2026-08-11T01:00,23.1,0.0,11.4,0,0
2026-08-11T02:00,22.2,0.0,10.6,0,0
2026-08-11T03:00,21.1,0.0,9.2,0,0
2026-08-11T04:00,20.3,0.0,8.9,0,0
2026-08-11T05:00,19.7,0.0,9.2,0,0
2026-08-11T06:00,19.2,0.0,7.8,0,0
2026-08-11T07:00,18.6,0.0,7.3,0,1
2026-08-11T08:00,18.9,0.0,6.9,0,1
2026-08-11T09:00,19.9,0.0,8.0,0,1
2026-08-11T10:00,21.7,0.0,7.7,0,1
2026-08-11T11:00,24.5,0.0,8.3,0,1
2026-08-11T12:00,27.0,0.0,8.7,0,1
2026-08-11T13:00,29.1,0.0,8.5,0,1
2026-08-11T14:00,30.7,0.0,8.5,0,1
2026-08-11T15:00,31.7,0.0,7.8,0,1
2026-08-11T16:00,32.3,0.0,7.7,0,1
2026-08-11T17:00,32.7,0.0,8.1,0,1
2026-08-11T18:00,33.0,0.0,9.2,0,1
2026-08-11T19:00,32.4,0.0,12.4,0,1
2026-08-11T20:00,31.3,0.0,10.5,0,1
2026-08-11T21:00,30.2,0.0,11.2,0,1
2026-08-11T22:00,28.5,0.0,10.3,0,0
2026-08-11T23:00,27.4,0.0,9.1,0,0
2026-08-12T00:00,25.9,0.0,9.2,0,0
2026-08-12T01:00,24.6,0.0,8.2,0,0
2026-08-12T02:00,23.7,0.0,6.4,0,0
2026-08-12T03:00,22.8,0.0,5.2,0,0
2026-08-12T04:00,22.1,0.0,4.7,0,0
2026-08-12T05:00,21.4,0.0,4.0,0,0
2026-08-12T06:00,20.9,0.0,3.6,0,0
2026-08-12T07:00,20.4,0.0,3.3,0,1
2026-08-12T08:00,21.3,0.0,4.2,0,1
2026-08-12T09:00,22.7,0.0,5.4,0,1
2026-08-12T10:00,24.2,0.0,5.4,0,1
2026-08-12T11:00,26.7,0.0,6.1,0,1
2026-08-12T12:00,29.5,0.0,6.2,0,1
2026-08-12T13:00,31.8,0.0,6.8,0,1
2026-08-12T14:00,33.2,0.0,6.8,0,1
2026-08-12T15:00,34.2,0.0,6.1,0,1
2026-08-12T16:00,34.9,0.0,6.1,0,1
2026-08-12T17:00,35.2,0.0,6.1,0,1
2026-08-12T18:00,35.4,0.0,5.1,0,1
2026-08-12T19:00,35.3,0.0,3.6,0,1
2026-08-12T20:00,34.8,0.0,5.5,0,1
2026-08-12T21:00,33.8,0.0,5.9,0,1
2026-08-12T22:00,32.2,0.0,5.9,0,0
2026-08-12T23:00,30.2,0.0,5.9,0,0
2026-08-13T00:00,28.9,0.0,4.7,0,0
2026-08-13T01:00,27.8,0.0,3.8,0,0
2026-08-13T02:00,26.2,0.0,4.7,0,0
2026-08-13T03:00,25.5,0.0,2.2,0,0
2026-08-13T04:00,24.4,0.0,2.4,0,0
2026-08-13T05:00,23.1,0.0,2.6,0,0
2026-08-13T06:00,22.6,0.0,2.5,0,0
2026-08-13T07:00,22.0,0.0,2.2,0,1
2026-08-13T08:00,22.6,0.0,1.8,0,1
2026-08-13T09:00,24.4,0.0,1.3,0,1
2026-08-13T10:00,26.1,0.0,2.5,0,1
2026-08-13T11:00,28.7,0.0,3.6,0,1
2026-08-13T12:00,31.1,0.0,4.2,0,1
2026-08-13T13:00,33.4,0.0,5.3,0,1
2026-08-13T14:00,35.5,0.0,5.2,0,1
2026-08-13T15:00,36.8,0.0,2.3,0,1
2026-08-13T16:00,37.4,0.0,4.2,0,1
2026-08-13T17:00,37.4,0.0,7.6,0,1
2026-08-13T18:00,37.4,0.0,10.5,0,1
2026-08-13T19:00,36.9,0.0,11.2,0,1
2026-08-13T20:00,36.2,0.0,7.6,0,1
2026-08-13T21:00,35.3,0.0,7.2,0,1
2026-08-13T22:00,33.9,0.0,5.1,0,0
2026-08-13T23:00,31.9,0.0,3.9,0,0
2026-08-14T00:00,30.6,0.0,3.1,12,0
2026-08-14T01:00,29.5,0.0,2.6,0,0
2026-08-14T02:00,27.2,0.0,3.3,0,0
2026-08-14T03:00,26.6,0.0,2.6,29,0
2026-08-14T04:00,26.0,0.0,3.3,0,0
2026-08-14T05:00,24.4,0.0,3.3,0,0
2026-08-14T06:00,23.9,0.0,3.1,0,0
2026-08-14T07:00,23.5,0.0,2.4,0,1
2026-08-14T08:00,24.2,0.0,1.1,14,1
2026-08-14T09:00,26.1,0.0,2.3,39,1
2026-08-14T10:00,28.5,0.0,3.3,48,1
2026-08-14T11:00,31.7,0.0,2.6,34,1
2026-08-14T12:00,34.2,0.0,1.9,3,1
2026-08-14T13:00,36.4,0.0,2.2,10,1
2026-08-14T14:00,38.0,0.0,3.9,9,1
2026-08-14T15:00,38.6,0.0,3.6,5,1
2026-08-14T16:00,39.0,0.0,2.6,32,1
2026-08-14T17:00,38.6,0.0,5.2,0,1
2026-08-14T18:00,38.7,0.0,0.5,44,1
2026-08-14T19:00,38.4,0.0,7.8,53,1
2026-08-14T20:00,37.7,0.0,4.1,81,1
2026-08-14T21:00,34.9,0.0,11.2,100,1
2026-08-14T22:00,32.9,0.0,11.6,100,0
2026-08-14T23:00,32.2,0.0,6.3,100,0
2026-08-15T00:00,31.0,0.0,6.8,67,0
2026-08-15T01:00,28.4,0.0,10.2,14,0
2026-08-15T02:00,27.6,0.0,6.7,17,0
2026-08-15T03:00,24.3,0.0,17.2,100,0
2026-08-15T04:00,23.9,0.0,10.9,100,0
2026-08-15T05:00,24.8,0.0,8.0,100,0
2026-08-15T06:00,24.5,0.0,8.2,100,0
2026-08-15T07:00,24.5,0.0,7.9,100,1
2026-08-15T08:00,24.0,0.2,7.2,100,1
2026-08-15T09:00,24.4,0.6,7.4,100,1
2026-08-15T10:00,25.3,0.1,6.8,100,1
2026-08-15T11:00,27.6,0.0,4.0,41,1
2026-08-15T12:00,28.8,0.0,10.3,100,1
2026-08-15T13:00,28.6,0.0,11.4,100,1
2026-08-15T14:00,29.7,0.0,10.6,100,1
2026-08-15T15:00,30.5,0.0,9.2,100,1
2026-08-15T16:00,29.7,0.0,9.7,100,1
2026-08-15T17:00,30.1,0.0,5.9,100,1
2026-08-15T18:00,31.0,0.0,5.1,97,1
2026-08-15T19:00,31.1,0.0,6.0,100,1
2026-08-15T20:00,30.7,0.0,7.5,100,1
2026-08-15T21:00,30.0,0.0,6.3,100,1
2026-08-15T22:00,29.2,0.0,8.1,100,0
2026-08-15T23:00,27.8,0.0,10.7,68,0
2026-08-16T00:00,26.2,0.0,8.5,45,0
2026-08-16T01:00,25.4,0.0,6.5,40,0
2026-08-16T02:00,24.7,0.0,7.6,9,0
2026-08-16T03:00,23.8,0.0,7.2,72,0
2026-08-16T04:00,23.1,0.0,8.7,9,0
2026-08-16T05:00,22.0,0.0,7.2,53,0
2026-08-16T06:00,21.5,0.0,5.2,92,0
2026-08-16T07:00,21.1,0.0,7.7,100,1
2026-08-16T08:00,20.9,0.0,8.6,74,1
2026-08-16T09:00,22.2,0.0,7.6,61,1
2026-08-16T10:00,23.5,0.0,8.0,54,1
2026-08-16T11:00,24.8,0.0,5.9,92,1
2026-08-16T12:00,26.2,0.0,4.7,48,1
2026-08-16T13:00,27.8,0.0,4.7,52,1
2026-08-16T14:00,29.3,0.0,3.9,75,1
2026-08-16T15:00,30.4,0.0,3.9,67,1
2026-08-16T16:00,31.1,0.0,6.6,69,1
2026-08-16T17:00,31.1,0.0,7.7,100,1
2026-08-16T18:00,30.6,0.0,7.5,97,1
2026-08-16T19:00,30.8,0.0,6.4,100,1
2026-08-16T20:00,30.0,0.0,9.0,100,1
2026-08-16T21:00,28.8,0.0,8.2,100,1
2026-08-16T22:00,28.0,0.0,8.6,100,0
2026-08-16T23:00,26.8,0.0,6.6,92,0
2026-08-17T00:00,26.3,0.0,4.5,96,0
2026-08-17T01:00,25.4,0.0,5.9,95,0
2026-08-17T02:00,24.0,0.0,6.3,100,0
2026-08-17T03:00,23.5,0.0,3.5,100,0
2026-08-17T04:00,22.9,0.0,4.4,100,0
2026-08-17T05:00,22.5,0.0,4.8,100,0
2026-08-17T06:00,22.3,0.0,7.4,100,0
2026-08-17T07:00,22.1,0.0,5.2,100,1
2026-08-17T08:00,22.2,0.0,7.4,100,1
2026-08-17T09:00,22.4,0.0,6.9,100,1
2026-08-17T10:00,22.9,0.0,7.1,100,1
2026-08-17T11:00,24.4,0.0,6.9,100,1
2026-08-17T12:00,25.7,0.0,8.0,56,1
2026-08-17T13:00,26.9,0.0,10.7,70,1
2026-08-17T14:00,27.7,0.0,9.6,45,1
2026-08-17T15:00,28.6,0.0,11.9,60,1
2026-08-17T16:00,29.1,0.0,13.4,73,1
2026-08-17T17:00,29.4,0.0,15.3,96,1
2026-08-17T18:00,28.5,0.0,15.1,43,1
2026-08-17T19:00,28.3,0.0,16.4,26,1
2026-08-17T20:00,27.3,0.0,14.5,33,1
2026-08-17T21:00,25.7,0.0,14.8,40,1
2026-08-17T22:00,24.8,0.0,11.5,64,0
2026-08-17T23:00,24.2,0.0,10.6,80,0
2026-08-18T00:00,23.3,0.0,11.1,35,0
2026-08-18T01:00,22.5,0.0,10.0,46,0
2026-08-18T02:00,21.7,0.0,9.2,51,0
2026-08-18T03:00,21.1,0.0,11.0,100,0
2026-08-18T04:00,20.7,0.0,10.2,89,0
2026-08-18T05:00,20.4,0.0,10.6,98,0
2026-08-18T06:00,19.8,0.0,10.4,100,0
2026-08-18T07:00,20.1,0.0,6.6,100,1
2026-08-18T08:00,20.4,0.0,8.8,100,1
2026-08-18T09:00,20.7,0.0,12.1,98,1
2026-08-18T10:00,21.3,0.0,12.6,100,1
2026-08-18T11:00,23.3,0.0,10.9,100,1
2026-08-18T12:00,24.7,0.0,12.0,66,1
2026-08-18T13:00,26.0,0.0,12.6,100,1
2026-08-18T14:00,27.0,0.0,12.6,96,1
2026-08-18T15:00,27.6,0.0,16.3,100,1
2026-08-18T16:00,27.3,0.0,14.1,100,1
2026-08-18T17:00,27.2,0.0,12.7,100,1
2026-08-18T18:00,26.7,0.0,10.4,100,1
2026-08-18T19:00,26.7,0.0,12.5,100,1
2026-08-18T20:00,25.7,0.0,12.9,100,1
2026-08-18T21:00,25.0,0.0,9.7,60,1
2026-08-18T22:00,24.5,0.0,8.6,45,0
2026-08-18T23:00,24.3,0.0,7.9,66,0
2026-08-19T00:00,23.6,0.0,7.2,80,0
2026-08-19T01:00,23.3,0.0,6.5,82,0
2026-08-19T02:00,23.3,0.0,7.2,97,0
2026-08-19T03:00,23.0,0.0,9.1,86,0
2026-08-19T04:00,22.6,0.0,11.7,87,0
2026-08-19T05:00,22.0,0.0,11.6,100,0
2026-08-19T06:00,21.7,0.0,10.8,100,0
2026-08-19T07:00,21.5,0.0,9.7,100,1
2026-08-19T08:00,21.6,0.0,5.3,82,1
2026-08-19T09:00,22.1,0.0,7.3,100,1
2026-08-19T10:00,22.3,0.0,8.7,100,1
2026-08-19T11:00,24.0,0.0,9.9,92,1
2026-08-19T12:00,25.4,0.0,11.5,91,1
2026-08-19T13:00,26.7,0.0,17.3,78,1
2026-08-19T14:00,27.4,0.0,19.4,90,1
2026-08-19T15:00,28.6,0.0,19.1,81,1
2026-08-19T16:00,29.6,0.0,24.1,98,1
2026-08-19T17:00,28.9,0.0,21.8,99,1
2026-08-19T18:00,28.3,0.0,20.8,100,1
2026-08-19T19:00,23.3,1.7,21.5,100,1
2026-08-19T20:00,20.5,0.2,14.2,100,1
2026-08-19T21:00,20.3,0.2,14.7,100,0
2026-08-19T22:00,20.0,0.0,12.3,2,0
2026-08-19T23:00,19.3,0.0,9.6,42,0
2026-08-20T00:00,18.9,0.0,8.4,34,0
2026-08-20T01:00,18.6,0.0,7.9,53,0
2026-08-20T02:00,18.0,0.0,8.6,27,0
2026-08-20T03:00,17.5,0.0,9.8,31,0
2026-08-20T04:00,17.2,0.0,7.9,78,0
2026-08-20T05:00,16.2,0.0,9.6,50,0
2026-08-20T06:00,15.9,0.0,9.3,52,0
2026-08-20T07:00,15.9,0.0,7.0,11,1
2026-08-20T08:00,16.2,0.0,7.4,0,1
2026-08-20T09:00,16.9,0.0,9.7,0,1
2026-08-20T10:00,18.6,0.0,11.7,20,1
2026-08-20T11:00,20.4,0.0,14.7,79,1
2026-08-20T12:00,21.3,0.0,16.4,100,1
2026-08-20T13:00,22.1,0.0,16.9,72,1
2026-08-20T14:00,23.4,0.0,15.5,71,1
2026-08-20T15:00,24.3,0.0,15.8,72,1
2026-08-20T16:00,24.9,0.0,15.9,67,1
2026-08-20T17:00,25.4,0.0,16.0,74,1
2026-08-20T18:00,25.0,0.0,13.8,94,1
2026-08-20T19:00,24.8,0.0,14.1,100,1
2026-08-20T20:00,22.0,0.0,12.0,97,1
2026-08-20T21:00,21.2,0.0,5.6,12,0
2026-08-20T22:00,21.1,0.0,3.2,96,0
2026-08-20T23:00,20.7,0.0,4.3,100,0
2026-08-21T00:00,20.3,0.0,5.1,88,0
2026-08-21T01:00,19.6,0.0,5.1,100,0
2026-08-21T02:00,18.8,0.0,4.2,100,0
2026-08-21T03:00,18.7,0.0,4.6,100,0
2026-08-21T04:00,18.5,0.0,5.7,100,0
2026-08-21T05:00,18.0,0.0,7.3,100,0
2026-08-21T06:00,17.4,0.0,7.1,86,0
2026-08-21T07:00,16.9,0.0,5.2,100,1
2026-08-21T08:00,17.1,0.0,4.6,56,1
2026-08-21T09:00,17.4,0.0,6.3,80,1
2026-08-21T10:00,18.1,0.0,6.4,80,1
2026-08-21T11:00,19.6,0.0,6.8,100,1
2026-08-21T12:00,20.7,0.0,8.0,95,1
2026-08-21T13:00,21.8,0.0,10.1,78,1
2026-08-21T14:00,22.9,0.0,13.4,95,1
2026-08-21T15:00,23.2,0.0,14.0,99,1
2026-08-21T16:00,23.2,0.0,10.0,96,1
2026-08-21T17:00,23.5,0.0,13.8,68,1
2026-08-21T18:00,19.0,4.9,9.8,100,1
2026-08-21T19:00,20.5,0.0,10.2,100,1
2026-08-21T20:00,18.7,0.0,7.0,81,1
2026-08-21T21:00,18.9,0.0,10.1,100,0
2026-08-21T22:00,17.9,0.0,10.5,100,0
2026-08-21T23:00,17.0,0.0,9.5,88,0
2026-08-22T00:00,16.9,0.0,8.4,99,0
2026-08-22T01:00,16.7,0.0,6.6,82,0
2026-08-22T02:00,16.2,0.0,6.9,64,0
2026-08-22T03:00,15.9,0.0,7.4,73,0
2026-08-22T04:00,15.4,0.0,6.5,42,0
2026-08-22T05:00,14.6,0.0,5.9,25,0
2026-08-22T06:00,14.2,0.0,4.2,0,0
2026-08-22T07:00,13.9,0.0,3.9,0,1
2026-08-22T08:00,14.3,0.0,2.3,0,1
2026-08-22T09:00,15.4,0.0,3.4,0,1
2026-08-22T10:00,17.0,0.0,5.4,0,1
2026-08-22T11:00,18.9,0.0,5.6,13,1
2026-08-22T12:00,20.1,0.0,6.8,15,1
2026-08-22T13:00,21.1,0.0,7.5,32,1
2026-08-22T14:00,22.2,0.0,8.9,92,1
2026-08-22T15:00,23.0,0.0,6.4,100,1
2026-08-22T16:00,22.8,0.0,10.1,69,1
2026-08-22T17:00,23.7,0.0,5.8,91,1
2026-08-22T18:00,22.4,0.0,11.7,100,1
2026-08-22T19:00,22.4,0.0,10.7,100,1
2026-08-22T20:00,22.1,0.0,11.2,90,1
2026-08-22T21:00,20.8,0.0,11.6,95,0
2026-08-22T22:00,20.0,0.0,10.6,100,0
2026-08-22T23:00,19.0,0.0,10.6,79,0
2026-08-23T00:00,18.4,0.0,9.7,100,0
2026-08-23T01:00,17.7,0.0,8.9,75,0
2026-08-23T02:00,17.0,0.0,9.5,44,0
2026-08-23T03:00,16.3,0.0,8.7,43,0
2026-08-23T04:00,15.8,0.0,8.2,49,0
2026-08-23T05:00,15.3,0.0,8.7,50,0
2026-08-23T06:00,14.7,0.0,7.2,29,0
2026-08-23T07:00,14.3,0.0,5.8,10,1
2026-08-23T08:00,14.4,0.0,7.7,35,1
2026-08-23T09:00,15.1,0.0,8.9,95,1
2026-08-23T10:00,16.6,0.0,10.4,98,1
2026-08-23T11:00,18.8,0.0,11.7,100,1
2026-08-23T12:00,20.5,0.0,12.0,67,1
2026-08-23T13:00,21.8,0.0,12.7,57,1
2026-08-23T14:00,22.9,0.0,11.8,100,1
2026-08-23T15:00,23.6,0.0,12.5,18,1
2026-08-23T16:00,24.2,0.0,13.5,59,1
2026-08-23T17:00,24.0,0.0,13.8,95,1
2026-08-23T18:00,24.0,0.0,14.0,0,1
2026-08-23T19:00,23.5,0.0,13.4,5,1
2026-08-23T20:00,23.3,0.0,12.4,0,1
2026-08-23T21:00,22.1,0.0,12.0,33,0
2026-08-23T22:00,20.8,0.0,13.8,80,0
2026-08-23T23:00,20.0,0.0,13.5,91,0
2026-08-24T00:00,19.0,0.0,10.9,55,0
2026-08-24T01:00,18.0,0.0,10.0,44,0
2026-08-24T02:00,17.7,0.0,12.0,100,0
2026-08-24T03:00,17.2,0.0,10.3,100,0
2026-08-24T04:00,16.8,0.0,9.7,100,0
2026-08-24T05:00,16.8,0.0,9.0,100,0
2026-08-24T06:00,16.5,0.0,7.3,100,0
2026-08-24T07:00,16.3,0.0,8.3,100,1
2026-08-24T08:00,16.4,0.0,10.1,100,1
2026-08-24T09:00,16.8,0.0,11.6,100,1
2026-08-24T10:00,17.8,0.0,11.4,100,1
2026-08-24T11:00,18.9,0.0,10.5,100,1
2026-08-24T12:00,20.5,0.0,12.7,93,1
2026-08-24T13:00,22.1,0.0,13.2,76,1
2026-08-24T14:00,23.9,0.0,14.5,52,1
2026-08-24T15:00,25.1,0.0,13.8,75,1
2026-08-24T16:00,25.8,0.0,14.3,71,1
2026-08-24T17:00,26.9,0.0,13.6,38,1
2026-08-24T18:00,26.7,0.0,14.9,100,1
2026-08-24T19:00,25.6,0.0,14.4,100,1
2026-08-24T20:00,24.8,0.0,14.9,100,1
2026-08-24T21:00,23.9,0.0,12.1,100,0
2026-08-24T22:00,23.1,0.0,10.6,100,0
2026-08-24T23:00,21.6,0.0,10.8,100,0
2026-08-25T00:00,20.8,0.0,9.3,100,0
2026-08-25T01:00,20.1,0.0,8.4,100,0
2026-08-25T02:00,20.0,0.0,10.5,100,0
2026-08-25T03:00,19.5,0.0,7.9,100,0
2026-08-25T04:00,19.1,0.0,5.4,100,0
2026-08-25T05:00,18.6,0.0,5.9,100,0
2026-08-25T06:00,18.4,0.1,1.8,100,0
2026-08-25T07:00,17.0,2.5,3.3,94,1
2026-08-25T08:00,17.1,0.0,4.0,82,1
2026-08-25T09:00,17.6,0.0,1.1,24,1
2026-08-25T10:00,18.7,0.0,1.3,100,1
2026-08-25T11:00,20.8,0.0,1.8,100,1
2026-08-25T12:00,22.6,0.0,0.8,100,1
2026-08-25T13:00,23.8,0.0,3.9,59,1
2026-08-25T14:00,25.5,0.0,6.0,0,1
2026-08-25T15:00,26.9,0.0,5.1,23,1
2026-08-25T16:00,27.7,0.0,4.4,89,1
2026-08-25T17:00,28.7,0.0,5.7,67,1
2026-08-25T18:00,27.3,0.0,12.9,100,1
2026-08-25T19:00,25.2,0.0,10.2,68,1
2026-08-25T20:00,25.5,0.0,13.5,100,1
2026-08-25T21:00,23.5,0.1,11.3,100,0
2026-08-25T22:00,22.1,0.0,10.0,100,0
2026-08-25T23:00,23.0,0.3,8.4,86,0
2026-08-26T00:00,22.7,0.0,8.7,100,0
2026-08-26T01:00,22.1,0.0,9.8,86,0
2026-08-26T02:00,21.9,0.1,4.1,93,0
2026-08-26T03:00,21.4,0.0,4.0,97,0
2026-08-26T04:00,21.2,0.0,5.1,95,0
2026-08-26T05:00,20.7,0.0,5.8,62,0
2026-08-26T06:00,20.3,0.0,6.5,83,0
2026-08-26T07:00,20.0,0.0,5.4,76,1
2026-08-26T08:00,19.9,0.0,4.7,94,1
2026-08-26T09:00,20.6,0.0,4.0,38,1
2026-08-26T10:00,21.8,0.0,4.7,6,1
2026-08-26T11:00,23.9,0.0,5.0,3,1
2026-08-26T12:00,25.7,0.0,7.2,7,1
2026-08-26T13:00,26.9,0.0,8.6,30,1
2026-08-26T14:00,28.4,0.0,10.6,93,1
2026-08-26T15:00,29.2,0.0,10.2,100,1
2026-08-26T16:00,29.4,0.0,9.8,100,1
2026-08-26T17:00,28.8,0.0,11.0,100,1
2026-08-26T18:00,28.7,0.0,10.7,100,1
2026-08-26T19:00,28.8,0.0,12.0,85,1
2026-08-26T20:00,28.2,0.0,10.1,100,1
2026-08-26T21:00,27.8,0.0,10.5,95,0
2026-08-26T22:00,27.0,0.0,10.7,14,0
2026-08-26T23:00,25.7,0.0,11.9,100,0
2026-08-27T00:00,25.1,0.0,11.2,100,0
2026-08-27T01:00,24.5,0.0,11.9,100,0
2026-08-27T02:00,24.4,0.0,10.1,100,0
2026-08-27T03:00,23.9,0.0,2.9,100,0
2026-08-27T04:00,20.9,1.1,7.8,100,0
2026-08-27T05:00,20.6,7.7,8.7,100,0
2026-08-27T06:00,20.2,0.2,3.3,100,0
2026-08-27T07:00,19.8,0.0,12.2,100,0
2026-08-27T08:00,19.8,0.0,6.3,80,1
2026-08-27T09:00,20.8,0.0,9.7,3,1
2026-08-27T10:00,22.6,0.0,12.6,74,1
2026-08-27T11:00,24.0,0.0,10.2,68,1
2026-08-27T12:00,25.0,0.0,8.4,100,1
2026-08-27T13:00,25.8,0.0,8.6,100,1
2026-08-27T14:00,25.7,0.0,3.1,100,1
2026-08-27T15:00,26.4,0.0,4.8,100,1
2026-08-27T16:00,27.1,0.0,6.5,100,1
2026-08-27T17:00,26.7,0.0,5.4,100,1
2026-08-27T18:00,24.1,0.5,21.6,100,1
2026-08-27T19:00,23.1,15.2,10.2,100,1
2026-08-27T20:00,21.1,1.1,7.3,100,1
2026-08-27T21:00,20.6,0.0,3.4,100,0
2026-08-27T22:00,20.6,0.0,4.2,64,0
2026-08-27T23:00,20.0,0.0,6.8,96,0
2026-08-28T00:00,19.6,0.0,5.1,79,0
2026-08-28T01:00,19.1,0.0,6.1,75,0
2026-08-28T02:00,18.8,0.0,4.2,100,0
2026-08-28T03:00,18.9,0.0,3.9,100,0
2026-08-28T04:00,18.5,0.0,4.5,97,0
2026-08-28T05:00,18.1,0.0,4.8,100,0
2026-08-28T06:00,18.1,0.0,1.8,100,0
2026-08-28T07:00,18.3,0.4,3.8,100,0
2026-08-28T08:00,18.5,0.7,6.1,100,1
2026-08-28T09:00,18.7,0.2,15.8,100,1
2026-08-28T10:00,17.2,0.2,4.4,100,1
2026-08-28T11:00,17.9,3.1,9.8,100,1
2026-08-28T12:00,17.8,1.5,9.3,100,1
2026-08-28T13:00,19.9,0.1,14.3,100,1
2026-08-28T14:00,21.8,0.0,14.7,79,1
2026-08-28T15:00,22.1,0.0,11.9,100,1
2026-08-28T16:00,22.9,0.1,14.0,77,1
2026-08-28T17:00,22.0,0.0,13.5,51,1
2026-08-28T18:00,22.6,0.0,10.7,5,1
2026-08-28T19:00,23.4,0.0,12.2,100,1
2026-08-28T20:00,21.9,0.0,9.2,93,1
2026-08-28T21:00,21.6,0.0,2.3,68,0
2026-08-28T22:00,21.4,0.0,6.1,89,0
2026-08-28T23:00,20.5,0.0,12.0,72,0
2026-08-29T00:00,19.6,0.0,11.8,86,0
2026-08-29T01:00,18.9,0.0,11.6,0,0
2026-08-29T02:00,18.2,0.0,9.8,0,0
2026-08-29T03:00,17.8,0.0,9.2,0,0
2026-08-29T04:00,17.5,0.0,7.4,83,0
2026-08-29T05:00,17.2,0.0,7.5,69,0
2026-08-29T06:00,17.1,0.0,10.7,88,0
2026-08-29T07:00,17.1,0.0,12.2,88,0
2026-08-29T08:00,17.3,0.0,12.0,84,1
2026-08-29T09:00,17.7,0.0,11.5,100,1
2026-08-29T10:00,18.9,0.0,15.3,100,1
2026-08-29T11:00,20.0,0.0,13.4,100,1
2026-08-29T12:00,21.5,0.0,16.9,100,1
2026-08-29T13:00,21.7,0.1,18.6,97,1
2026-08-29T14:00,21.9,0.0,16.6,100,1
2026-08-29T15:00,20.8,6.9,14.2,100,1
2026-08-29T16:00,21.8,2.4,18.3,100,1
2026-08-29T17:00,20.8,0.0,22.9,94,1
2026-08-29T18:00,21.2,0.0,22.1,50,1
2026-08-29T19:00,21.6,0.0,19.2,83,1
2026-08-29T20:00,21.1,0.0,22.7,64,1
2026-08-29T21:00,20.5,0.0,20.0,72,0
2026-08-29T22:00,20.4,0.0,18.9,13,0
2026-08-29T23:00,20.1,0.0,18.2,51,0
2026-08-30T00:00,20.1,0.0,16.2,85,0
2026-08-30T01:00,20.0,0.0,15.3,89,0
2026-08-30T02:00,19.4,0.0,14.3,37,0
2026-08-30T03:00,19.0,0.0,13.0,92,0
2026-08-30T04:00,18.5,0.0,11.5,100,0
2026-08-30T05:00,18.0,0.0,11.5,100,0
2026-08-30T06:00,17.5,0.0,10.2,32,0
2026-08-30T07:00,17.1,0.0,8.6,43,0
2026-08-30T08:00,17.0,0.0,7.7,68,1
2026-08-30T09:00,17.7,0.0,7.7,98,1
2026-08-30T10:00,19.2,0.0,10.8,97,1
2026-08-30T11:00,19.9,0.0,11.1,96,1
2026-08-30T12:00,21.3,0.0,11.7,100,1
2026-08-30T13:00,22.4,0.0,13.8,100,1
2026-08-30T14:00,23.6,0.0,16.5,100,1
2026-08-30T15:00,23.7,0.0,16.4,100,1
2026-08-30T16:00,24.2,0.0,17.5,100,1
2026-08-30T17:00,24.7,0.0,16.4,100,1
2026-08-30T18:00,24.6,0.0,15.8,100,1
2026-08-30T19:00,24.4,0.0,11.2,100,1
2026-08-30T20:00,24.0,0.0,13.3,43,1
2026-08-30T21:00,22.9,0.0,15.1,22,0
2026-08-30T22:00,20.9,0.0,14.5,0,0
2026-08-30T23:00,20.4,0.0,14.7,50,0
2026-08-31T00:00,19.8,0.0,14.2,43,0
2026-08-31T01:00,19.3,0.0,15.8,0,0
2026-08-31T02:00,18.9,0.0,15.9,26,0
2026-08-31T03:00,18.4,0.0,15.6,40,0
2026-08-31T04:00,18.0,0.0,15.4,55,0
2026-08-31T05:00,17.8,0.0,15.3,47,0
2026-08-31T06:00,17.9,0.0,15.0,42,0
2026-08-31T07:00,17.6,0.0,15.6,46,0
2026-08-31T08:00,17.9,0.0,15.7,92,1
2026-08-31T09:00,18.5,0.0,15.8,45,1
2026-08-31T10:00,19.5,0.0,19.8,40,1
2026-08-31T11:00,20.3,0.0,19.8,70,1
2026-08-31T12:00,21.4,0.0,20.1,99,1
2026-08-31T13:00,22.0,0.0,21.8,77,1
2026-08-31T14:00,22.8,0.0,17.3,100,1
2026-08-31T15:00,22.6,0.0,19.4,100,1
2026-08-31T16:00,22.5,0.0,17.0,98,1
2026-08-31T17:00,21.7,0.0,16.6,100,1
2026-08-31T18:00,22.8,0.0,14.4,47,1
2026-08-31T19:00,22.9,0.0,15.6,100,1
2026-08-31T20:00,22.6,0.0,10.1,60,1
2026-08-31T21:00,21.6,0.0,6.5,1,0
2026-08-31T22:00,20.6,0.0,5.9,90,0
2026-08-31T23:00,19.6,0.0,6.2,100,0
2026-09-01T00:00,18.9,0.0,4.5,100,0
2026-09-01T01:00,18.2,0.0,5.8,100,0
2026-09-01T02:00,17.7,0.0,5.2,100,0
2026-09-01T03:00,17.3,0.0,4.6,68,0
2026-09-01T04:00,17.0,0.0,5.1,98,0
2026-09-01T05:00,16.3,0.0,6.8,100,0
2026-09-01T06:00,15.7,0.0,5.4,34,0
2026-09-01T07:00,15.2,0.0,4.7,0,0
2026-09-01T08:00,15.2,0.0,4.0,9,1
2026-09-01T09:00,15.7,0.0,4.4,3,1
2026-09-01T10:00,17.0,0.0,5.4,0,1
2026-09-01T11:00,18.8,0.0,4.7,0,1
2026-09-01T12:00,20.1,0.0,5.7,46,1
2026-09-01T13:00,21.1,0.0,5.9,48,1
2026-09-01T14:00,22.4,0.0,7.5,84,1
2026-09-01T15:00,23.2,0.0,7.9,100,1
2026-09-01T16:00,23.5,0.0,10.0,65,1
2026-09-01T17:00,24.6,0.0,7.3,100,1
2026-09-01T18:00,24.2,0.0,9.2,75,1
2026-09-01T19:00,23.7,0.0,10.2,59,1
2026-09-01T20:00,23.3,0.0,6.6,17,1
2026-09-01T21:00,22.6,0.0,7.6,99,0
2026-09-01T22:00,21.1,0.0,9.3,70,0
2026-09-01T23:00,19.6,0.0,8.0,2,0
2026-09-02T00:00,18.5,0.0,6.5,100,0
2026-09-02T01:00,18.0,0.0,3.7,100,0
2026-09-02T02:00,17.5,0.0,4.3,100,0
2026-09-02T03:00,17.2,0.0,1.9,100,0
2026-09-02T04:00,17.2,0.0,0.5,96,0
2026-09-02T05:00,16.4,0.0,3.3,74,0
2026-09-02T06:00,15.9,0.0,3.1,35,0
2026-09-02T07:00,15.5,0.0,2.6,0,0
2026-09-02T08:00,15.3,0.0,3.4,25,1
2026-09-02T09:00,16.1,0.0,3.5,28,1
2026-09-02T10:00,17.6,0.0,2.3,98,1
2026-09-02T11:00,19.9,0.0,1.9,88,1
2026-09-02T12:00,21.0,0.0,3.9,100,1
2026-09-02T13:00,22.1,0.0,3.6,69,1
2026-09-02T14:00,23.8,0.0,7.8,100,1
2026-09-02T15:00,24.6,0.0,5.6,89,1
2026-09-02T16:00,25.0,0.0,8.6,82,1
2026-09-02T17:00,25.3,0.0,6.8,89,1
2026-09-02T18:00,25.5,0.0,5.8,93,1
2026-09-02T19:00,25.6,0.0,10.5,94,1
2026-09-02T20:00,25.1,0.0,10.2,99,1
2026-09-02T21:00,24.6,0.0,5.4,82,0
2026-09-02T22:00,23.9,0.0,4.6,25,0
2026-09-02T23:00,23.0,0.0,4.1,13,0
2026-09-03T00:00,22.3,0.0,4.1,1,0
2026-09-03T01:00,21.7,0.0,4.1,5,0
2026-09-03T02:00,21.0,0.0,5.1,0,0
2026-09-03T03:00,20.5,0.0,5.3,0,0
2026-09-03T04:00,19.9,0.0,5.5,9,0
2026-09-03T05:00,19.0,0.0,6.8,0,0
2026-09-03T06:00,18.4,0.0,5.9,0,0
2026-09-03T07:00,18.1,0.0,6.5,0,0
2026-09-03T08:00,18.2,0.0,5.8,0,1
2026-09-03T09:00,18.9,0.0,7.6,35,1
2026-09-03T10:00,20.2,0.0,8.8,55,1
2026-09-03T11:00,22.1,0.0,10.2,33,1
2026-09-03T12:00,23.4,0.0,10.1,100,1
2026-09-03T13:00,24.5,0.0,9.9,72,1
2026-09-03T14:00,25.6,0.0,9.7,91,1
2026-09-03T15:00,25.9,0.0,10.4,88,1
2026-09-03T16:00,26.7,0.0,11.9,96,1
2026-09-03T17:00,27.5,0.0,10.8,43,1
2026-09-03T18:00,27.7,0.0,11.9,63,1
2026-09-03T19:00,27.1,0.0,11.9,65,1
2026-09-03T20:00,26.8,0.0,8.6,48,1
2026-09-03T21:00,26.1,0.0,7.4,23,0
2026-09-03T22:00,25.0,0.0,5.6,0,0
2026-09-03T23:00,24.2,0.0,1.1,9,0
2026-09-04T00:00,23.6,0.0,2.3,38,0
2026-09-04T01:00,23.3,0.0,4.7,0,0
2026-09-04T02:00,22.9,0.0,7.9,29,0
2026-09-04T03:00,22.5,0.0,6.6,0,0
2026-09-04T04:00,22.1,0.0,6.4,5,0
2026-09-04T05:00,21.4,0.0,5.1,9,0
2026-09-04T06:00,20.9,0.0,5.6,13,0
2026-09-04T07:00,20.3,0.0,6.7,45,0
2026-09-04T08:00,19.9,0.0,8.2,19,1
2026-09-04T09:00,20.5,0.0,9.5,55,1
2026-09-04T10:00,21.8,0.0,10.1,68,1
2026-09-04T11:00,24.4,0.0,9.8,16,1
2026-09-04T12:00,26.0,0.0,11.2,41,1
2026-09-04T13:00,27.3,0.0,15.5,57,1
2026-09-04T14:00,28.3,0.0,16.6,44,1
2026-09-04T15:00,28.5,0.0,18.9,34,1
2026-09-04T16:00,28.3,0.0,16.6,70,1
2026-09-04T17:00,27.5,0.0,16.2,71,1
2026-09-04T18:00,27.6,0.0,15.7,100,1
2026-09-04T19:00,26.6,0.0,15.0,100,1
2026-09-04T20:00,25.3,0.0,13.1,50,1
2026-09-04T21:00,23.9,0.0,12.5,96,0
2026-09-04T22:00,22.5,0.0,10.4,99,0
2026-09-04T23:00,21.0,0.0,13.1,100,0
2026-09-05T00:00,20.0,0.0,10.1,100,0
2026-09-05T01:00,19.5,0.0,11.5,100,0
2026-09-05T02:00,19.3,0.0,11.6,100,0
2026-09-05T03:00,18.8,0.0,10.0,100,0
2026-09-05T04:00,18.4,0.0,9.2,100,0
2026-09-05T05:00,18.2,0.0,8.7,21,0
2026-09-05T06:00,17.5,0.0,7.6,25,0
2026-09-05T07:00,16.9,0.0,6.5,35,0
2026-09-05T08:00,16.9,0.0,7.6,68,1
2026-09-05T09:00,17.3,0.0,8.1,4,1
2026-09-05T10:00,18.2,0.0,10.0,54,1
2026-09-05T11:00,19.1,0.0,9.5,74,1
2026-09-05T12:00,20.3,0.0,8.1,38,1
2026-09-05T13:00,21.3,0.0,7.4,32,1
2026-09-05T14:00,22.6,0.0,6.9,18,1
2026-09-05T15:00,23.5,0.0,7.4,11,1
2026-09-05T16:00,24.0,0.0,7.1,13,1
2026-09-05T17:00,24.7,0.0,6.7,14,1
2026-09-05T18:00,24.9,0.0,6.3,5,1
2026-09-05T19:00,24.6,0.0,5.6,17,1
2026-09-05T20:00,23.8,0.0,7.5,70,1
2026-09-05T21:00,23.0,0.0,6.3,0,0
2026-09-05T22:00,22.0,0.0,5.7,0,0
2026-09-05T23:00,20.7,0.0,5.6,0,0
2026-09-06T00:00,19.6,0.0,6.7,41,0
2026-09-06T01:00,18.5,0.0,5.2,0,0
2026-09-06T02:00,17.5,0.0,4.7,16,0
2026-09-06T03:00,17.1,0.0,3.3,0,0
2026-09-06T04:00,16.6,0.0,2.8,38,0
2026-09-06T05:00,16.4,0.0,2.6,29,0
2026-09-06T06:00,16.0,0.0,3.8,47,0
2026-09-06T07:00,15.8,0.0,5.2,50,0
2026-09-06T08:00,15.6,0.0,5.7,37,1
2026-09-06T09:00,16.3,0.0,7.4,18,1
2026-09-06T10:00,17.8,0.0,6.6,100,1
2026-09-06T11:00,20.9,0.0,7.6,100,1
2026-09-06T12:00,23.0,0.0,8.0,93,1
2026-09-06T13:00,24.8,0.0,7.2,100,1
2026-09-06T14:00,26.4,0.0,8.6,85,1
2026-09-06T15:00,27.4,0.0,8.3,100,1
2026-09-06T16:00,28.0,0.0,8.1,72,1
2026-09-06T17:00,28.1,0.0,8.1,100,1
2026-09-06T18:00,28.2,0.0,9.1,100,1
2026-09-06T19:00,27.7,0.0,9.6,100,1
2026-09-06T20:00,26.9,0.0,3.7,100,1
2026-09-06T21:00,26.0,0.0,5.4,100,0
2026-09-06T22:00,25.0,0.0,4.7,100,0
2026-09-06T23:00,23.6,0.0,4.8,0,0
2026-09-07T00:00,22.6,0.0,5.9,0,0
2026-09-07T01:00,22.0,0.0,5.1,63,0
2026-09-07T02:00,21.1,0.0,2.7,0,0
2026-09-07T03:00,20.7,0.0,2.6,42,0
2026-09-07T04:00,20.4,0.0,2.4,53,0
2026-09-07T05:00,20.5,0.0,4.6,82,0
2026-09-07T06:00,21.0,0.0,4.7,100,0
2026-09-07T07:00,21.1,0.0,5.8,73,0
2026-09-07T08:00,21.6,0.0,2.9,96,1
2026-09-07T09:00,21.9,0.0,5.9,86,1
2026-09-07T10:00,22.6,0.0,9.1,100,1
2026-09-07T11:00,23.9,0.0,8.8,38,1
2026-09-07T12:00,25.3,0.0,10.0,77,1
2026-09-07T13:00,26.3,0.0,12.0,64,1
2026-09-07T14:00,27.6,0.0,11.9,91,1
2026-09-07T15:00,28.3,0.0,13.0,83,1
2026-09-07T16:00,28.6,0.0,14.5,43,1
2026-09-07T17:00,28.9,0.0,11.2,71,1
2026-09-07T18:00,28.7,0.0,11.5,85,1
2026-09-07T19:00,28.1,0.0,10.5,100,1
2026-09-07T20:00,26.7,0.0,10.3,100,1
2026-09-07T21:00,26.1,0.0,6.3,100,0
2026-09-07T22:00,25.4,0.0,8.2,100,0
2026-09-07T23:00,23.8,0.0,7.9,97,0
2026-09-08T00:00,23.4,0.0,9.8,72,0
2026-09-08T01:00,22.7,0.0,10.9,19,0
2026-09-08T02:00,22.2,0.0,9.4,79,0
2026-09-08T03:00,21.8,0.0,8.4,59,0
2026-09-08T04:00,21.5,0.0,9.6,74,0
2026-09-08T05:00,21.2,0.0,8.7,63,0
2026-09-08T06:00,20.5,0.0,9.8,58,0
2026-09-08T07:00,19.6,0.0,10.6,45,0
2026-09-08T08:00,19.3,0.0,9.0,12,1
2026-09-08T09:00,19.4,0.0,7.8,81,1
2026-09-08T10:00,20.3,0.0,13.8,57,1
2026-09-08T11:00,21.9,0.0,14.6,86,1
2026-09-08T12:00,22.6,0.0,16.6,72,1
2026-09-08T13:00,24.7,0.0,18.6,52,1
2026-09-08T14:00,25.9,0.0,19.8,100,1
2026-09-08T15:00,26.1,0.0,18.3,100,1
2026-09-08T16:00,25.1,0.1,19.5,100,1
2026-09-08T17:00,24.4,0.2,21.7,100,1
2026-09-08T18:00,22.6,1.5,22.4,100,1
2026-09-08T19:00,21.7,0.0,22.1,5,1
2026-09-08T20:00,19.2,0.0,17.9,49,1
2026-09-08T21:00,17.7,0.0,15.4,42,0
2026-09-08T22:00,16.7,0.0,17.6,50,0
2026-09-08T23:00,16.4,0.0,14.5,69,0
2026-09-09T00:00,15.9,0.0,9.0,0,0
2026-09-09T01:00,15.2,0.0,9.3,0,0
2026-09-09T02:00,14.9,0.0,10.8,44,0
2026-09-09T03:00,14.4,0.0,10.3,15,0
2026-09-09T04:00,14.0,0.0,9.4,12,0
2026-09-09T05:00,13.9,0.0,9.4,52,0
2026-09-09T06:00,13.5,0.0,9.4,14,0
2026-09-09T07:00,13.2,0.0,7.9,37,0
2026-09-09T08:00,13.3,0.0,7.6,51,1
2026-09-09T09:00,13.9,0.0,8.3,100,1
2026-09-09T10:00,15.1,0.0,8.7,50,1
2026-09-09T11:00,17.7,0.0,11.1,86,1
2026-09-09T12:00,18.8,0.0,12.5,97,1
2026-09-09T13:00,18.9,0.0,12.2,91,1
2026-09-09T14:00,20.3,0.0,12.7,94,1
2026-09-09T15:00,20.7,0.0,10.7,100,1
2026-09-09T16:00,20.9,0.0,13.8,97,1
2026-09-09T17:00,21.1,0.0,14.0,58,1
2026-09-09T18:00,21.3,0.0,12.8,47,1
2026-09-09T19:00,20.6,0.0,13.2,8,1
2026-09-09T20:00,19.8,0.0,11.2,63,1
2026-09-09T21:00,18.7,0.0,11.2,34,0
2026-09-09T22:00,17.7,0.0,6.9,0,0
2026-09-09T23:00,16.6,0.0,4.5,0,0
2026-09-10T00:00,15.8,0.0,3.2,0,0
2026-09-10T01:00,15.1,0.0,3.9,0,0
2026-09-10T02:00,14.2,0.0,2.5,14,0
2026-09-10T03:00,13.8,0.0,5.5,51,0
2026-09-10T04:00,13.4,0.0,4.0,53,0
2026-09-10T05:00,12.7,0.0,2.7,44,0
2026-09-10T06:00,12.4,0.0,1.8,0,0
2026-09-10T07:00,11.9,0.0,2.2,7,0
2026-09-10T08:00,11.4,0.0,1.5,36,1
2026-09-10T09:00,12.5,0.0,1.8,68,1
2026-09-10T10:00,14.5,0.0,2.0,24,1
2026-09-10T11:00,17.0,0.0,1.6,42,1
2026-09-10T12:00,18.3,0.0,4.5,83,1
2026-09-10T13:00,18.8,0.0,8.2,100,1
2026-09-10T14:00,19.9,0.0,6.1,48,1
2026-09-10T15:00,20.2,0.0,11.1,85,1
2026-09-10T16:00,20.8,0.0,8.0,94,1
2026-09-10T17:00,21.4,0.0,7.6,74,1
2026-09-10T18:00,20.9,0.0,7.9,44,1
2026-09-10T19:00,20.4,0.0,9.8,12,1
2026-09-10T20:00,20.0,0.0,6.9,100,1
2026-09-10T21:00,19.4,0.0,5.8,66,0
2026-09-10T22:00,18.5,0.0,3.8,62,0
2026-09-10T23:00,17.1,0.0,1.1,47,0
2026-09-11T00:00,16.5,0.0,2.0,20,0
2026-09-11T01:00,15.9,0.0,1.3,100,0
2026-09-11T02:00,15.4,0.0,1.3,100,0
2026-09-11T03:00,15.3,0.0,0.4,93,0
2026-09-11T04:00,15.3,0.0,2.1,89,0
2026-09-11T05:00,14.9,0.0,2.8,88,0
2026-09-11T06:00,14.9,0.0,2.3,100,0
2026-09-11T07:00,15.1,0.0,2.3,88,0
2026-09-11T08:00,15.1,0.0,2.2,79,1
2026-09-11T09:00,16.2,0.0,2.0,70,1
2026-09-11T10:00,17.6,0.0,4.2,69,1
2026-09-11T11:00,20.2,0.0,3.1,52,1
2026-09-11T12:00,21.8,0.0,5.6,13,1
2026-09-11T13:00,23.5,0.0,4.4,95,1
2026-09-11T14:00,24.3,0.0,6.2,44,1
2026-09-11T15:00,24.9,0.0,7.8,61,1
2026-09-11T16:00,25.5,0.0,9.1,45,1
2026-09-11T17:00,25.0,0.0,9.8,80,1
2026-09-11T18:00,24.6,0.0,7.3,96,1
2026-09-11T19:00,24.5,0.0,6.6,100,1
2026-09-11T20:00,23.1,0.0,9.7,96,1
2026-09-11T21:00,22.1,0.0,9.4,15,0
2026-09-11T22:00,21.0,0.0,7.9,0,0
2026-09-11T23:00,20.1,0.0,6.7,10,0
2026-09-12T00:00,19.3,0.0,4.6,62,0
2026-09-12T01:00,18.8,0.0,4.2,75,0
2026-09-12T02:00,18.2,0.0,3.5,87,0
2026-09-12T03:00,17.9,0.0,2.3,79,0
2026-09-12T04:00,17.6,0.0,3.6,58,0
2026-09-12T05:00,16.3,0.0,3.1,73,0
2026-09-12T06:00,15.7,0.0,3.7,45,0
2026-09-12T07:00,15.3,0.0,3.6,4,0
2026-09-12T08:00,15.7,0.0,2.5,72,1
2026-09-12T09:00,16.2,0.0,2.6,78,1
2026-09-12T10:00,17.3,0.0,3.6,63,1
2026-09-12T11:00,19.5,0.0,3.1,75,1
2026-09-12T12:00,21.0,0.0,2.9,39,1
2026-09-12T13:00,22.1,0.0,6.1,33,1
2026-09-12T14:00,24.2,0.0,7.6,46,1
2026-09-12T15:00,24.8,0.0,9.3,45,1
2026-09-12T16:00,25.2,0.0,8.6,14,1
2026-09-12T17:00,25.8,0.0,8.9,7,1
2026-09-12T18:00,25.5,0.0,8.4,16,1
2026-09-12T19:00,24.8,0.0,7.4,0,1
2026-09-12T20:00,24.4,0.0,6.8,44,1
2026-09-12T21:00,23.4,0.0,5.9,20,0
2026-09-12T22:00,22.4,0.0,4.4,47,0
2026-09-12T23:00,21.2,0.0,5.2,43,0
2026-09-13T00:00,20.4,0.0,5.4,59,0
2026-09-13T01:00,19.6,0.0,4.8,36,0
2026-09-13T02:00,19.4,0.0,4.6,49,0
2026-09-13T03:00,18.9,0.0,4.3,51,0
2026-09-13T04:00,18.3,0.0,4.3,76,0
2026-09-13T05:00,18.3,0.0,3.7,69,0
2026-09-13T06:00,17.8,0.0,4.0,56,0
2026-09-13T07:00,17.5,0.0,4.7,100,0
2026-09-13T08:00,18.2,0.0,6.5,100,1
2026-09-13T09:00,18.3,0.0,7.6,100,1
2026-09-13T10:00,19.0,0.0,7.8,100,1
2026-09-13T11:00,20.2,0.0,6.9,100,1
2026-09-13T12:00,21.4,0.0,8.3,100,1
2026-09-13T13:00,22.9,0.0,8.1,83,1
2026-09-13T14:00,24.6,0.0,9.0,100,1
2026-09-13T15:00,25.7,0.0,9.4,88,1
2026-09-13T16:00,26.5,0.0,9.0,53,1
2026-09-13T17:00,27.2,0.0,8.0,69,1
2026-09-13T18:00,27.0,0.0,8.3,44,1
2026-09-13T19:00,26.6,0.0,7.7,51,1
2026-09-13T20:00,25.0,0.0,8.6,78,1
2026-09-13T21:00,24.2,0.0,7.6,79,0
2026-09-13T22:00,23.4,0.0,7.3,62,0
2026-09-13T23:00,22.9,0.0,5.6,83,0
2026-09-14T00:00,22.4,0.0,4.2,89,0
2026-09-14T01:00,21.9,0.0,3.6,100,0
2026-09-14T02:00,21.5,0.0,5.6,97,0
2026-09-14T03:00,20.7,0.0,5.1,49,0
2026-09-14T04:00,20.0,0.0,4.6,30,0
2026-09-14T05:00,19.8,0.0,4.8,27,0
2026-09-14T06:00,19.1,0.0,4.7,0,0
2026-09-14T07:00,18.6,0.0,3.7,5,0
2026-09-14T08:00,18.2,0.0,3.6,26,1
2026-09-14T09:00,18.7,0.0,4.3,38,1
2026-09-14T10:00,19.7,0.0,5.2,57,1
2026-09-14T11:00,21.8,0.0,3.3,50,1
2026-09-14T12:00,23.5,0.0,1.8,80,1
2026-09-14T13:00,25.2,0.0,3.4,75,1
2026-09-14T14:00,27.0,0.0,3.8,4,1
2026-09-14T15:00,27.8,0.0,5.7,35,1
2026-09-14T16:00,28.3,0.0,4.5,34,1
2026-09-14T17:00,29.1,0.0,2.3,94,1
2026-09-14T18:00,28.6,0.0,6.6,51,1
2026-09-14T19:00,28.5,0.0,2.6,39,1
2026-09-14T20:00,27.5,0.0,3.8,3,1
2026-09-14T21:00,26.7,0.0,4.0,0,0
2026-09-14T22:00,25.7,0.0,3.7,0,0
2026-09-14T23:00,24.3,0.0,3.8,0,0
2026-09-15T00:00,23.3,0.0,3.8,0,0
2026-09-15T01:00,22.4,0.0,3.9,0,0
2026-09-15T02:00,21.4,0.0,3.9,0,0
2026-09-15T03:00,20.7,0.0,3.8,0,0
2026-09-15T04:00,20.4,0.0,2.9,0,0
2026-09-15T05:00,19.5,0.0,3.4,0,0
2026-09-15T06:00,19.1,0.0,3.8,0,0
2026-09-15T07:00,18.8,0.0,3.6,0,0
2026-09-15T08:00,18.3,0.0,2.9,74,1
2026-09-15T09:00,19.3,0.0,3.3,72,1
2026-09-15T10:00,21.1,0.0,5.2,50,1
2026-09-15T11:00,24.2,0.0,5.8,57,1
2026-09-15T12:00,26.4,0.0,6.2,79,1
2026-09-15T13:00,28.9,0.0,8.0,2,1
2026-09-15T14:00,31.6,0.0,10.7,0,1
2026-09-15T15:00,32.5,0.0,11.4,0,1
2026-09-15T16:00,32.7,0.0,10.1,0,1
2026-09-15T17:00,32.9,0.0,10.8,0,1
2026-09-15T18:00,32.6,0.0,11.6,80,1
2026-09-15T19:00,25.7,0.0,21.7,0,1
2026-09-15T20:00,23.8,0.0,17.7,73,1
2026-09-15T21:00,22.1,0.0,16.1,24,0
2026-09-15T22:00,20.6,0.0,14.0,100,0
2026-09-15T23:00,19.1,0.0,15.0,52,0
2026-09-16T00:00,18.4,0.0,14.3,60,0
2026-09-16T01:00,17.9,0.0,14.5,32,0
2026-09-16T02:00,17.6,0.0,12.0,70,0
2026-09-16T03:00,16.8,0.0,10.8,60,0
2026-09-16T04:00,16.2,0.0,9.9,7,0
2026-09-16T05:00,15.7,0.0,9.6,47,0
2026-09-16T06:00,15.3,0.0,10.8,84,0
2026-09-16T07:00,15.0,0.0,9.4,73,0
2026-09-16T08:00,14.7,0.0,9.2,15,1
2026-09-16T09:00,15.0,0.0,8.8,19,1
2026-09-16T10:00,16.3,0.0,9.3,10,1
2026-09-16T11:00,18.1,0.0,10.8,69,1
2026-09-16T12:00,19.2,0.0,10.5,85,1
2026-09-16T13:00,20.1,0.0,9.2,80,1
2026-09-16T14:00,21.1,0.0,12.2,91,1
2026-09-16T15:00,21.2,0.0,11.4,72,1
2026-09-16T16:00,21.8,0.0,11.2,49,1
2026-09-16T17:00,22.2,0.0,11.6,40,1
2026-09-16T18:00,21.9,0.0,11.8,46,1
2026-09-16T19:00,21.3,0.0,12.0,6,1
2026-09-16T20:00,20.5,0.0,12.5,27,1
2026-09-16T21:00,19.2,0.0,11.2,0,0
2026-09-16T22:00,18.3,0.0,7.4,100,0
2026-09-16T23:00,17.5,0.0,6.5,0,0
2026-09-17T00:00,16.7,0.0,5.5,34,0
2026-09-17T01:00,15.9,0.0,4.3,1,0
2026-09-17T02:00,15.3,0.0,4.5,60,0
2026-09-17T03:00,14.8,0.0,5.1,24,0
2026-09-17T04:00,14.5,0.0,4.7,49,0
2026-09-17T05:00,14.2,0.0,4.7,100,0
2026-09-17T06:00,14.1,0.0,5.6,100,0
2026-09-17T07:00,13.9,0.0,7.0,100,0
2026-09-17T08:00,13.8,0.0,7.4,88,1
2026-09-17T09:00,14.2,0.0,7.9,99,1
2026-09-17T10:00,15.3,0.0,9.5,100,1
2026-09-17T11:00,17.2,0.0,11.9,74,1
2026-09-17T12:00,18.9,0.0,11.6,99,1
2026-09-17T13:00,20.1,0.0,13.5,62,1
2026-09-17T14:00,21.0,0.0,14.0,43,1
2026-09-17T15:00,21.8,0.0,14.4,79,1
2026-09-17T16:00,22.1,0.0,15.4,100,1
2026-09-17T17:00,22.0,0.0,13.7,100,1
2026-09-17T18:00,21.5,0.0,14.1,100,1
2026-09-17T19:00,19.8,0.1,11.8,100,1
2026-09-17T20:00,19.5,0.0,9.8,100,0
2026-09-17T21:00,19.4,0.0,8.4,100,0
2026-09-17T22:00,19.1,0.0,10.4,100,0
2026-09-17T23:00,17.9,0.0,10.4,98,0
2026-09-18T00:00,17.3,0.0,15.5,75,0
2026-09-18T01:00,16.3,0.0,9.8,8,0
2026-09-18T02:00,15.6,0.0,8.4,6,0
2026-09-18T03:00,14.7,0.0,7.9,0,0
2026-09-18T04:00,14.0,0.0,6.8,0,0
2026-09-18T05:00,13.7,0.0,6.5,0,0
2026-09-18T06:00,13.4,0.0,6.5,65,0
2026-09-18T07:00,13.5,0.0,7.3,48,0
2026-09-18T08:00,13.0,0.0,6.5,4,1
2026-09-18T09:00,13.8,0.0,7.6,28,1
2026-09-18T10:00,15.3,0.0,6.8,0,1
2026-09-18T11:00,17.2,0.0,9.3,100,1
2026-09-18T12:00,18.5,0.0,10.1,98,1
2026-09-18T13:00,19.5,0.0,10.9,100,1
2026-09-18T14:00,20.4,0.0,9.8,100,1
2026-09-18T15:00,20.6,0.0,8.7,93,1
2026-09-18T16:00,22.0,0.0,10.9,99,1
2026-09-18T17:00,21.9,0.0,8.0,39,1
2026-09-18T18:00,21.8,0.0,11.2,100,1
2026-09-18T19:00,21.2,0.0,10.7,100,1
2026-09-18T20:00,20.9,0.0,9.4,97,0
2026-09-18T21:00,20.0,0.0,6.7,72,0
2026-09-18T22:00,19.2,0.0,5.8,90,0
2026-09-18T23:00,18.2,0.0,6.5,90,0
2026-09-19T00:00,17.7,0.0,6.2,76,0
2026-09-19T01:00,17.0,0.0,4.9,63,0
2026-09-19T02:00,17.3,0.0,4.6,100,0
2026-09-19T03:00,17.2,0.0,4.3,82,0
2026-09-19T04:00,16.8,0.0,4.9,53,0
2026-09-19T05:00,15.6,0.0,6.0,10,0
2026-09-19T06:00,15.2,0.0,6.3,0,0
2026-09-19T07:00,14.7,0.0,5.6,0,0
2026-09-19T08:00,14.1,0.0,4.8,5,1
2026-09-19T09:00,14.7,0.0,5.0,6,1
2026-09-19T10:00,15.8,0.0,6.5,100,1
2026-09-19T11:00,18.5,0.0,9.1,68,1
2026-09-19T12:00,20.4,0.0,10.3,98,1
2026-09-19T13:00,21.7,0.0,10.6,100,1
2026-09-19T14:00,22.8,0.0,10.8,92,1
2026-09-19T15:00,23.6,0.0,11.5,100,1
2026-09-19T16:00,24.2,0.0,11.7,100,1
2026-09-19T17:00,25.1,0.0,10.8,100,1
2026-09-19T18:00,25.1,0.0,10.6,48,1
2026-09-19T19:00,24.5,0.0,10.2,99,1
2026-09-19T20:00,23.9,0.0,7.6,100,0
2026-09-19T21:00,22.6,0.0,5.7,100,0
2026-09-19T22:00,21.3,0.0,4.4,100,0
2026-09-19T23:00,20.4,0.0,5.7,100,0
2026-09-20T00:00,19.7,0.0,4.0,96,0
2026-09-20T01:00,19.0,0.0,3.3,0,0
2026-09-20T02:00,18.1,0.0,3.3,15,0
2026-09-20T03:00,17.5,0.0,3.2,21,0
2026-09-20T04:00,16.9,0.0,2.9,0,0
2026-09-20T05:00,16.3,0.0,2.5,48,0
2026-09-20T06:00,16.1,0.0,3.2,46,0
2026-09-20T07:00,15.9,0.0,4.0,87,0
2026-09-20T08:00,15.4,0.0,5.8,97,1
2026-09-20T09:00,15.8,0.0,5.2,100,1
2026-09-20T10:00,17.2,0.0,7.2,100,1
2026-09-20T11:00,19.1,0.0,9.1,100,1
2026-09-20T12:00,21.0,0.0,9.4,24,1
2026-09-20T13:00,22.6,0.0,11.1,95,1
2026-09-20T14:00,22.3,0.0,9.0,100,1
2026-09-20T15:00,23.1,0.0,11.0,100,1
2026-09-20T16:00,22.7,0.0,12.2,97,1
2026-09-20T17:00,22.9,0.0,8.1,100,1
2026-09-20T18:00,23.2,0.0,9.2,100,1
2026-09-20T19:00,23.3,0.0,12.0,98,1
2026-09-20T20:00,21.7,0.0,11.0,100,0
2026-09-20T21:00,20.6,0.0,9.5,73,0
2026-09-20T22:00,19.2,0.0,9.3,93,0
2026-09-20T23:00,17.8,0.0,9.4,46,0
2026-09-21T00:00,16.7,0.0,5.9,52,0
2026-09-21T01:00,16.0,0.0,4.7,34,0
2026-09-21T02:00,15.3,0.0,2.9,89,0
2026-09-21T03:00,14.7,0.0,4.0,75,0
2026-09-21T04:00,14.4,0.0,5.1,90,0
2026-09-21T05:00,13.7,0.0,3.0,85,0
2026-09-21T06:00,13.4,0.0,2.2,36,0
2026-09-21T07:00,13.0,0.0,2.1,100,0
2026-09-21T08:00,12.8,0.0,3.0,65,1
2026-09-21T09:00,13.3,0.0,3.6,56,1
2026-09-21T10:00,14.7,0.0,3.2,58,1
2026-09-21T11:00,17.1,0.0,2.7,100,1
2026-09-21T12:00,18.8,0.0,2.9,100,1
2026-09-21T13:00,20.0,0.0,5.4,60,1
2026-09-21T14:00,21.2,0.0,8.2,100,1
2026-09-21T15:00,21.9,0.0,7.4,73,1
2026-09-21T16:00,22.3,0.0,7.6,100,1
2026-09-21T17:00,22.5,0.0,8.2,51,1
2026-09-21T18:00,22.4,0.0,7.7,2,1
2026-09-21T19:00,22.0,0.0,9.0,0,1
2026-09-21T20:00,20.8,0.0,6.4,0,0
2026-09-21T21:00,19.8,0.0,4.8,0,0
2026-09-21T22:00,18.8,0.0,4.3,0,0
2026-09-21T23:00,17.7,0.0,3.2,0,0
2026-09-22T00:00,17.0,0.0,2.8,0,0
2026-09-22T01:00,15.9,0.0,3.2,0,0
2026-09-22T02:00,14.9,0.0,2.7,0,0
2026-09-22T03:00,14.5,0.0,3.0,0,0
2026-09-22T04:00,14.2,0.0,3.6,0,0
2026-09-22T05:00,13.5,0.0,4.0,0,0
2026-09-22T06:00,13.3,0.0,4.3,0,0
2026-09-22T07:00,13.0,0.0,2.9,0,0
2026-09-22T08:00,12.5,0.0,4.0,0,1
2026-09-22T09:00,13.1,0.0,3.6,0,1
2026-09-22T10:00,14.6,0.0,5.1,0,1
2026-09-22T11:00,17.0,0.0,4.7,0,1
2026-09-22T12:00,18.8,0.0,5.4,0,1
2026-09-22T13:00,20.4,0.0,5.5,0,1
2026-09-22T14:00,21.8,0.0,5.5,0,1
2026-09-22T15:00,23.1,0.0,7.0,0,1
2026-09-22T16:00,24.3,0.0,9.4,0,1
2026-09-22T17:00,24.6,0.0,9.8,0,1
2026-09-22T18:00,24.2,0.0,9.9,0,1
2026-09-22T19:00,23.6,0.0,10.2,0,1
2026-09-22T20:00,22.3,0.0,8.6,0,0
2026-09-22T21:00,21.0,0.0,8.2,0,0
2026-09-22T22:00,19.6,0.0,7.7,0,0
2026-09-22T23:00,18.8,0.0,7.4,0,0
2026-09-23T00:00,17.8,0.0,5.9,0,0
2026-09-23T01:00,16.9,0.0,5.1,0,0
2026-09-23T02:00,16.3,0.0,4.3,0,0
2026-09-23T03:00,15.5,0.0,3.4,0,0
2026-09-23T04:00,15.0,0.0,2.5,0,0
2026-09-23T05:00,14.2,0.0,2.5,0,0
2026-09-23T06:00,13.8,0.0,2.6,0,0
2026-09-23T07:00,13.3,0.0,2.2,0,0
2026-09-23T08:00,13.0,0.0,1.4,0,1
2026-09-23T09:00,13.7,0.0,0.7,0,1
2026-09-23T10:00,15.5,0.0,0.7,88,1
2026-09-23T11:00,18.4,0.0,0.8,0,1
2026-09-23T12:00,20.4,0.0,0.7,6,1
2026-09-23T13:00,22.3,0.0,3.4,0,1
2026-09-23T14:00,24.4,0.0,0.7,21,1
2026-09-23T15:00,25.3,0.0,3.2,40,1
2026-09-23T16:00,26.1,0.0,2.9,0,1
2026-09-23T17:00,26.6,0.0,7.4,0,1
2026-09-23T18:00,26.5,0.0,5.8,62,1
2026-09-23T19:00,26.0,0.0,8.7,100,1
2026-09-23T20:00,24.8,0.0,7.4,17,0
2026-09-23T21:00,23.3,0.0,7.2,0,0
2026-09-23T22:00,21.7,0.0,6.4,4,0
2026-09-23T23:00,20.4,0.0,6.4,47,0
2026-09-24T00:00,19.2,0.0,5.1,0,0
2026-09-24T01:00,18.3,0.0,5.4,92,0
2026-09-24T02:00,17.5,0.0,5.4,100,0
2026-09-24T03:00,16.8,0.0,6.2,100,0
2026-09-24T04:00,16.1,0.0,3.7,68,0
2026-09-24T05:00,15.4,0.0,3.1,100,0
2026-09-24T06:00,15.3,0.0,3.3,100,0
2026-09-24T07:00,15.2,0.0,3.7,100,0
2026-09-24T08:00,15.2,0.0,4.8,100,1
2026-09-24T09:00,15.4,0.0,5.6,99,1
2026-09-24T10:00,16.0,0.0,4.2,100,1
2026-09-24T11:00,16.6,0.0,3.4,100,1
2026-09-24T12:00,17.8,0.0,3.8,100,1
2026-09-24T13:00,19.2,0.0,2.3,88,1
2026-09-24T14:00,20.5,0.0,3.2,92,1
2026-09-24T15:00,22.0,0.0,2.1,82,1
2026-09-24T16:00,22.7,0.0,4.0,87,1
2026-09-24T17:00,23.2,0.0,5.3,100,1
2026-09-24T18:00,23.1,0.0,4.2,100,1
2026-09-24T19:00,22.9,0.0,3.6,100,1
2026-09-24T20:00,21.9,0.0,4.4,100,0
2026-09-24T21:00,20.9,0.0,4.7,62,0
2026-09-24T22:00,19.8,0.0,3.6,21,0
2026-09-24T23:00,18.5,0.0,5.0,60,0
2026-09-25T00:00,17.6,0.0,4.3,100,0
2026-09-25T01:00,16.9,0.0,5.0,100,0
2026-09-25T02:00,16.2,0.0,5.2,12,0
2026-09-25T03:00,15.7,0.0,4.4,6,0
2026-09-25T04:00,15.2,0.0,4.2,0,0
2026-09-25T05:00,14.6,0.0,4.4,0,0
2026-09-25T06:00,14.4,0.0,3.7,0,0
2026-09-25T07:00,14.0,0.0,4.4,0,0
2026-09-25T08:00,13.8,0.0,4.4,0,1
2026-09-25T09:00,14.4,0.0,4.3,0,1
2026-09-25T10:00,15.9,0.0,5.9,0,1
2026-09-25T11:00,18.3,0.0,6.9,0,1
2026-09-25T12:00,20.5,0.0,6.6,0,1
2026-09-25T13:00,23.0,0.0,6.9,0,1
2026-09-25T14:00,25.0,0.0,6.8,0,1
2026-09-25T15:00,26.4,0.0,6.5,0,1
2026-09-25T16:00,27.2,0.0,6.1,0,1
2026-09-25T17:00,27.8,0.0,5.9,0,1
2026-09-25T18:00,27.8,0.0,7.1,0,1
2026-09-25T19:00,27.5,0.0,8.2,0,1
2026-09-25T20:00,26.2,0.0,7.9,0,0
2026-09-25T21:00,24.5,0.0,8.9,0,0
2026-09-25T22:00,23.0,0.0,8.7,0,0
2026-09-25T23:00,21.6,0.0,9.4,0,0
2026-09-26T00:00,20.7,0.0,6.3,0,0
2026-09-26T01:00,20.2,0.0,2.5,0,0
2026-09-26T02:00,18.9,0.0,9.2,0,0
2026-09-26T03:00,17.5,0.0,10.4,0,0
2026-09-26T04:00,16.2,0.0,10.7,52,0
2026-09-26T05:00,16.0,0.0,7.4,0,0
2026-09-26T06:00,15.9,0.0,8.0,0,0
2026-09-26T07:00,15.6,0.0,7.5,0,0
2026-09-26T08:00,15.6,0.0,9.2,79,1
2026-09-26T09:00,15.6,0.0,10.0,100,1
2026-09-26T10:00,16.7,0.0,8.7,100,1
2026-09-26T11:00,17.3,0.0,6.8,100,1
2026-09-26T12:00,18.5,0.0,7.3,100,1
2026-09-26T13:00,20.2,0.0,4.7,96,1
2026-09-26T14:00,19.4,0.0,8.1,100,1
2026-09-26T15:00,20.3,0.0,3.7,62,1
2026-09-26T16:00,22.1,0.0,3.5,25,1
2026-09-26T17:00,22.0,0.0,3.6,45,1
2026-09-26T18:00,22.2,0.0,3.2,70,1
2026-09-26T19:00,22.1,0.0,3.2,10,1
2026-09-26T20:00,21.3,0.0,1.9,11,0
2026-09-26T21:00,20.5,0.0,4.8,82,0
2026-09-26T22:00,19.5,0.0,5.7,100,0
2026-09-26T23:00,18.8,0.0,5.1,100,0
2026-09-27T00:00,18.0,0.0,3.9,100,0
2026-09-27T01:00,17.2,0.0,2.6,57,0
2026-09-27T02:00,16.5,0.0,2.9,80,0
2026-09-27T03:00,16.1,0.0,1.8,54,0
2026-09-27T04:00,15.7,0.0,2.2,59,0
2026-09-27T05:00,14.9,0.0,1.8,63,0
2026-09-27T06:00,14.7,0.0,2.7,69,0
2026-09-27T07:00,14.2,0.0,3.6,77,0
2026-09-27T08:00,13.8,0.0,4.4,39,1
2026-09-27T09:00,13.9,0.0,3.6,35,1
2026-09-27T10:00,15.0,0.0,5.1,47,1
2026-09-27T11:00,17.9,0.0,7.4,0,1
2026-09-27T12:00,20.2,0.0,8.5,5,1
2026-09-27T13:00,22.2,0.0,9.7,72,1
2026-09-27T14:00,24.8,0.0,10.8,95,1
2026-09-27T15:00,26.5,0.0,11.5,22,1
2026-09-27T16:00,27.6,0.0,13.0,23,1
2026-09-27T17:00,28.1,0.0,13.0,70,1
2026-09-27T18:00,27.9,0.0,12.5,51,1
2026-09-27T19:00,27.2,0.0,10.7,100,1
2026-09-27T20:00,26.0,0.0,8.0,100,0
2026-09-27T21:00,24.8,0.0,6.1,100,0
2026-09-27T22:00,23.6,0.0,6.5,100,0
2026-09-27T23:00,22.7,0.0,5.1,98,0
2026-09-28T00:00,22.0,0.0,3.3,76,0
2026-09-28T01:00,21.1,0.0,3.8,100,0
2026-09-28T02:00,20.3,0.0,6.7,100,0
2026-09-28T03:00,19.8,0.0,4.0,100,0
2026-09-28T04:00,19.3,0.0,4.3,100,0
2026-09-28T05:00,18.6,0.0,4.5,100,0
2026-09-28T06:00,18.3,0.0,3.7,86,0
2026-09-28T07:00,17.7,0.0,5.9,97,0
2026-09-28T08:00,17.8,0.0,5.1,100,1
2026-09-28T09:00,17.8,0.2,6.9,100,1
2026-09-28T10:00,17.7,0.6,1.3,100,1
2026-09-28T11:00,18.1,2.2,8.4,100,1
2026-09-28T12:00,18.9,0.4,4.8,100,1
2026-09-28T13:00,20.3,0.0,7.6,100,1
2026-09-28T14:00,22.0,0.0,3.6,100,1
2026-09-28T15:00,23.0,0.0,7.3,99,1
2026-09-28T16:00,23.6,0.0,5.8,100,1
2026-09-28T17:00,24.0,0.0,2.1,46,1
2026-09-28T18:00,24.2,0.0,1.1,100,1
2026-09-28T19:00,23.6,0.0,6.5,99,1
2026-09-28T20:00,22.9,0.0,9.6,100,0
2026-09-28T21:00,21.6,0.0,10.1,100,0
2026-09-28T22:00,21.2,0.0,9.6,100,0
2026-09-28T23:00,20.7,0.0,6.2,100,0
2026-09-29T00:00,19.7,0.0,6.2,96,0
2026-09-29T01:00,18.9,0.0,6.3,100,0
2026-09-29T02:00,18.7,0.0,5.4,86,0
2026-09-29T03:00,18.4,0.0,4.8,14,0
2026-09-29T04:00,17.8,0.0,5.1,11,0
2026-09-29T05:00,17.5,0.0,5.0,95,0
2026-09-29T06:00,17.3,0.0,2.8,30,0
2026-09-29T07:00,17.3,0.0,1.5,67,0
2026-09-29T08:00,17.0,0.0,3.1,17,1
2026-09-29T09:00,17.3,0.0,5.4,35,1
2026-09-29T10:00,18.3,0.0,6.9,58,1
2026-09-29T11:00,19.8,0.0,6.5,53,1
2026-09-29T12:00,21.5,0.0,7.9,57,1
2026-09-29T13:00,23.4,0.0,8.7,37,1
2026-09-29T14:00,26.1,0.0,10.2,41,1
2026-09-29T15:00,27.6,0.0,11.5,87,1
2026-09-29T16:00,28.0,0.0,13.0,74,1
2026-09-29T17:00,28.3,0.0,11.9,79,1
2026-09-29T18:00,28.0,0.0,11.1,73,1
2026-09-29T19:00,27.3,0.0,11.7,62,1
2026-09-29T20:00,26.3,0.0,9.4,92,0
2026-09-29T21:00,25.2,0.0,9.4,99,0
2026-09-29T22:00,24.0,0.0,9.2,100,0
2026-09-29T23:00,23.2,0.0,9.9,47,0
2026-09-30T00:00,22.6,0.0,10.2,71,0
2026-09-30T01:00,22.1,0.0,10.3,93,0
2026-09-30T02:00,22.8,0.0,9.2,96,0
2026-09-30T03:00,22.6,0.0,9.9,65,0
2026-09-30T04:00,22.1,0.0,9.7,89,0
2026-09-30T05:00,22.0,0.0,10.1,99,0
2026-09-30T06:00,21.6,0.0,10.9,97,0
2026-09-30T07:00,21.4,0.0,10.6,98,0
2026-09-30T08:00,21.6,0.0,11.4,100,1
2026-09-30T09:00,20.7,0.7,9.6,100,1
2026-09-30T10:00,20.6,0.5,8.3,100,1
2026-09-30T11:00,20.7,5.2,10.1,100,1
2026-09-30T12:00,21.0,0.6,8.8,100,1
2026-09-30T13:00,21.4,0.2,9.4,100,1
2026-09-30T14:00,22.1,0.2,10.4,100,1
2026-09-30T15:00,22.1,0.5,11.1,100,1
2026-09-30T16:00,21.6,2.3,14.3,100,1
2026-09-30T17:00,21.2,0.6,11.4,100,1
2026-09-30T18:00,21.9,0.0,12.0,100,1
2026-09-30T19:00,22.1,0.0,11.5,100,1
2026-09-30T20:00,21.8,0.1,9.4,100,0
2026-09-30T21:00,21.6,0.0,10.6,100,0
2026-09-30T22:00,21.1,0.2,9.4,100,0
2026-09-30T23:00,20.1,2.5,7.0,100,0
2026-10-01T00:00,19.8,1.5,6.6,100,0
2026-10-01T01:00,19.9,0.1,7.2,100,0
2026-10-01T02:00,19.0,1.0,5.2,100,0
2026-10-01T03:00,18.9,0.0,7.0,100,0
2026-10-01T04:00,18.8,0.1,7.6,100,0
2026-10-01T05:00,18.2,0.0,8.2,100,0
2026-10-01T06:00,17.7,0.0,8.3,100,0
2026-10-01T07:00,17.2,0.0,9.2,100,0
2026-10-01T08:00,16.7,0.0,9.0,89,1
2026-10-01T09:00,16.5,0.0,8.2,82,1
2026-10-01T10:00,16.9,0.0,10.5,100,1
2026-10-01T11:00,17.9,0.0,8.9,100,1
2026-10-01T12:00,18.7,0.0,10.1,100,1
2026-10-01T13:00,19.4,0.0,10.4,55,1
2026-10-01T14:00,20.3,0.0,10.9,46,1
2026-10-01T15:00,20.8,0.0,10.1,74,1
2026-10-01T16:00,21.0,0.0,11.5,73,1
2026-10-01T17:00,21.2,0.0,10.7,64,1
2026-10-01T18:00,21.1,0.0,9.0,16,1
2026-10-01T19:00,20.3,0.0,9.4,0,1
2026-10-01T20:00,19.7,0.0,4.3,0,0
2026-10-01T21:00,18.9,0.0,4.6,0,0
2026-10-01T22:00,18.1,0.0,4.7,0,0
2026-10-01T23:00,16.7,0.0,4.5,0,0
2026-10-02T00:00,16.0,0.0,2.8,0,0
2026-10-02T01:00,15.4,0.0,1.9,0,0
2026-10-02T02:00,14.6,0.0,2.5,0,0
2026-10-02T03:00,14.1,0.0,1.6,88,0
2026-10-02T04:00,13.8,0.0,1.6,70,0
2026-10-02T05:00,13.0,0.0,1.1,39,0
2026-10-02T06:00,12.9,0.0,1.5,73,0
2026-10-02T07:00,12.7,0.0,1.6,74,0
2026-10-02T08:00,12.2,0.0,0.8,100,1
2026-10-02T09:00,12.8,0.0,1.0,100,1
2026-10-02T10:00,13.8,0.0,2.2,100,1
2026-10-02T11:00,16.1,0.0,3.3,100,1
2026-10-02T12:00,17.7,0.0,3.6,100,1
2026-10-02T13:00,19.2,0.0,4.0,100,1
2026-10-02T14:00,20.8,0.0,5.9,20,1
2026-10-02T15:00,21.4,0.0,5.0,78,1
2026-10-02T16:00,21.8,0.0,5.6,6,1
2026-10-02T17:00,21.8,0.0,7.8,41,1
2026-10-02T18:00,21.6,0.0,7.4,100,1
2026-10-02T19:00,20.9,0.0,8.0,100,1
2026-10-02T20:00,20.1,0.0,6.0,56,0
2026-10-02T21:00,18.7,0.0,6.4,100,0
2026-10-02T22:00,17.6,0.0,5.5,31,0
2026-10-02T23:00,16.7,0.0,5.5,0,0
2026-10-03T00:00,16.0,0.0,4.7,10,0
2026-10-03T01:00,15.4,0.0,3.8,14,0
2026-10-03T02:00,14.7,0.0,3.6,30,0
2026-10-03T03:00,14.0,0.0,2.7,51,0
2026-10-03T04:00,13.4,0.0,2.9,26,0
2026-10-03T05:00,13.0,0.0,3.2,24,0
2026-10-03T06:00,12.7,0.0,3.4,25,0
2026-10-03T07:00,12.3,0.0,3.4,18,0
2026-10-03T08:00,11.5,0.0,3.6,36,1
2026-10-03T09:00,11.8,0.0,4.1,17,1
2026-10-03T10:00,13.5,0.0,5.2,52,1
2026-10-03T11:00,15.7,0.0,6.5,32,1
2026-10-03T12:00,17.7,0.0,6.7,63,1
2026-10-03T13:00,19.6,0.0,6.8,43,1
2026-10-03T14:00,21.8,0.0,7.9,34,1
2026-10-03T15:00,22.6,0.0,8.4,91,1
2026-10-03T16:00,22.8,0.0,7.7,100,1
2026-10-03T17:00,22.4,0.0,9.2,100,1
2026-10-03T18:00,21.9,0.0,8.9,100,1
2026-10-03T19:00,20.9,0.0,10.3,100,1
2026-10-03T20:00,19.7,0.5,7.6,100,0
2026-10-03T21:00,19.3,0.0,9.6,98,0
2026-10-03T22:00,18.9,0.0,9.4,99,0
2026-10-03T23:00,18.2,0.0,8.7,100,0
2026-10-04T00:00,17.2,0.0,8.8,100,0
2026-10-04T01:00,16.6,0.0,6.2,100,0
2026-10-04T02:00,15.9,0.0,8.6,99,0
2026-10-04T03:00,15.3,0.0,8.0,76,0
2026-10-04T04:00,14.7,0.0,8.0,92,0
2026-10-04T05:00,14.4,0.0,7.6,99,0
2026-10-04T06:00,14.1,0.0,7.6,99,0
2026-10-04T07:00,13.8,0.0,8.0,94,0
2026-10-04T08:00,14.1,0.0,6.8,98,1
2026-10-04T09:00,13.9,0.0,9.0,77,1
2026-10-04T10:00,14.4,0.0,7.2,100,1
2026-10-04T11:00,15.7,0.0,7.6,69,1
2026-10-04T12:00,17.5,0.0,7.2,74,1
2026-10-04T13:00,19.6,0.0,8.4,60,1
2026-10-04T14:00,22.4,0.0,9.8,53,1
2026-10-04T15:00,23.6,0.0,7.1,0,1
2026-10-04T16:00,24.4,0.0,7.9,0,1
2026-10-04T17:00,24.8,0.0,8.1,0,1
2026-10-04T18:00,24.7,0.0,8.3,8,1
2026-10-04T19:00,23.9,0.0,8.2,0,1
2026-10-04T20:00,22.4,0.0,6.9,0,0
2026-10-04T21:00,21.1,0.0,6.9,0,0
2026-10-04T22:00,19.9,0.0,8.0,100,0
2026-10-04T23:00,18.7,0.0,7.7,0,0
2026-10-05T00:00,17.7,0.0,7.2,0,0
2026-10-05T01:00,16.9,0.0,7.6,0,0
2026-10-05T02:00,16.2,0.0,6.8,0,0
2026-10-05T03:00,15.5,0.0,4.5,0,0
2026-10-05T04:00,15.1,0.0,5.2,4,0
2026-10-05T05:00,14.6,0.0,5.6,55,0
2026-10-05T06:00,14.4,0.0,5.6,100,0
2026-10-05T07:00,14.1,0.0,5.9,100,0
2026-10-05T08:00,13.5,0.0,4.0,12,1
2026-10-05T09:00,13.6,0.0,3.7,6,1
2026-10-05T10:00,14.7,0.0,6.1,0,1
2026-10-05T11:00,16.6,0.0,4.8,1,1
2026-10-05T12:00,18.4,0.0,3.3,0,1
2026-10-05T13:00,20.3,0.0,4.7,0,1
2026-10-05T14:00,22.6,0.0,3.3,13,1
2026-10-05T15:00,23.7,0.0,3.7,5,1
2026-10-05T16:00,24.3,0.0,4.6,19,1
2026-10-05T17:00,24.7,0.0,4.7,50,1
2026-10-05T18:00,24.5,0.0,5.2,82,1
2026-10-05T19:00,23.7,0.0,6.8,0,1
2026-10-05T20:00,21.9,0.0,6.4,7,0
2026-10-05T21:00,20.5,0.0,4.5,43,0
2026-10-05T22:00,19.5,0.0,3.9,0,0
2026-10-05T23:00,18.0,0.0,4.1,0,0
2026-10-06T00:00,16.7,0.0,2.9,0,0
2026-10-06T01:00,15.7,0.0,3.4,0,0
2026-10-06T02:00,14.5,0.0,3.2,0,0
2026-10-06T03:00,13.7,0.0,2.7,0,0
2026-10-06T04:00,13.2,0.0,3.7,2,0
2026-10-06T05:00,12.4,0.0,3.6,14,0
2026-10-06T06:00,12.0,0.0,2.9,0,0
2026-10-06T07:00,11.6,0.0,2.9,0,0
2026-10-06T08:00,11.0,0.0,3.1,4,1
2026-10-06T09:00,11.3,0.0,2.1,0,1
2026-10-06T10:00,12.8,0.0,3.1,0,1
2026-10-06T11:00,16.0,0.0,3.4,60,1
2026-10-06T12:00,18.4,0.0,1.3,69,1
2026-10-06T13:00,20.6,0.0,3.5,70,1
2026-10-06T14:00,22.7,0.0,4.2,63,1
2026-10-06T15:00,23.9,0.0,3.1,65,1
2026-10-06T16:00,24.5,0.0,3.4,68,1
2026-10-06T17:00,24.4,0.0,5.7,83,1
2026-10-06T18:00,24.3,0.0,7.9,82,1
2026-10-06T19:00,23.6,0.0,7.3,92,1
2026-10-06T20:00,21.0,0.0,8.1,87,0
2026-10-06T21:00,20.2,0.0,4.3,79,0
2026-10-06T22:00,19.5,0.0,2.3,69,0
2026-10-06T23:00,19.1,0.0,2.8,70,0
2026-10-07T00:00,18.4,0.0,3.3,35,0
2026-10-07T01:00,17.4,0.0,3.5,11,0
2026-10-07T02:00,16.3,0.0,1.6,100,0
2026-10-07T03:00,15.9,0.0,2.2,82,0
2026-10-07T04:00,15.2,0.0,2.6,23,0
2026-10-07T05:00,14.2,0.0,3.1,100,0
2026-10-07T06:00,14.4,0.0,2.6,100,0
2026-10-07T07:00,14.1,0.0,2.5,100,0
2026-10-07T08:00,14.0,0.0,4.3,100,1
2026-10-07T09:00,14.2,0.0,1.8,100,1
2026-10-07T10:00,15.2,0.0,1.4,100,1
2026-10-07T11:00,16.5,0.2,1.8,100,1
2026-10-07T12:00,17.4,0.1,5.5,100,1
2026-10-07T13:00,16.7,3.5,3.4,100,1
2026-10-07T14:00,18.3,0.2,6.8,100,1
2026-10-07T15:00,19.1,0.1,9.1,100,1
2026-10-07T16:00,18.9,0.0,7.3,100,1
2026-10-07T17:00,18.3,0.1,3.7,100,1
2026-10-07T18:00,18.2,0.0,5.8,100,1
2026-10-07T19:00,17.8,0.1,7.4,100,1
2026-10-07T20:00,17.0,0.1,6.9,100,0
2026-10-07T21:00,16.1,2.1,12.6,100,0
2026-10-07T22:00,15.5,0.9,10.7,100,0
2026-10-07T23:00,15.0,0.1,12.0,100,0
2026-10-08T00:00,15.2,0.1,16.6,100,0
2026-10-08T01:00,14.9,0.0,17.6,97,0
2026-10-08T02:00,14.4,0.0,17.7,100,0
2026-10-08T03:00,14.1,0.1,17.6,100,0
2026-10-08T04:00,13.2,0.0,19.9,100,0
2026-10-08T05:00,12.7,0.0,19.4,100,0
2026-10-08T06:00,12.6,0.0,18.1,97,0
2026-10-08T07:00,11.7,0.0,17.9,47,0
2026-10-08T08:00,11.1,0.0,15.8,28,0
2026-10-08T09:00,10.8,0.0,14.8,22,1
2026-10-08T10:00,11.5,0.0,14.3,29,1
2026-10-08T11:00,12.8,0.0,16.2,46,1
2026-10-08T12:00,14.0,0.0,15.5,66,1
2026-10-08T13:00,14.9,0.0,16.3,79,1
2026-10-08T14:00,15.7,0.0,15.3,95,1
2026-10-08T15:00,15.8,0.0,15.9,27,1
2026-10-08T16:00,15.8,0.0,15.6,35,1
2026-10-08T17:00,15.8,0.0,15.5,0,1
2026-10-08T18:00,15.2,0.0,14.3,0,1
2026-10-08T19:00,14.4,0.0,12.7,100,1
2026-10-08T20:00,13.4,0.0,10.2,4,0
2026-10-08T21:00,12.4,0.0,8.0,16,0
2026-10-08T22:00,11.5,0.0,5.2,0,0
2026-10-08T23:00,10.8,0.0,4.5,7,0
2026-10-09T00:00,10.2,0.0,3.9,8,0
2026-10-09T01:00,10.0,0.0,3.4,62,0
2026-10-09T02:00,9.9,0.0,4.7,93,0
2026-10-09T03:00,10.3,0.0,5.5,92,0
2026-10-09T04:00,10.7,0.0,6.0,95,0
2026-10-09T05:00,10.9,0.0,7.6,99,0
2026-10-09T06:00,10.9,0.0,8.4,99,0
2026-10-09T07:00,10.9,0.1,8.8,100,0
2026-10-09T08:00,11.0,0.0,9.5,100,0
2026-10-09T09:00,11.2,0.0,11.8,100,1
2026-10-09T10:00,11.4,0.0,11.9,100,1
2026-10-09T11:00,11.8,0.0,11.1,100,1
2026-10-09T12:00,12.2,0.0,11.6,100,1
2026-10-09T13:00,13.2,0.0,12.2,100,1
2026-10-09T14:00,14.8,0.0,13.8,100,1
2026-10-09T15:00,16.4,0.0,14.8,99,1
2026-10-09T16:00,16.3,0.0,14.5,100,1
2026-10-09T17:00,16.4,0.0,13.3,94,1
2026-10-09T18:00,16.9,0.0,14.1,85,1
2026-10-09T19:00,16.8,0.0,14.1,100,1
2026-10-09T20:00,16.3,0.0,13.4,85,0
2026-10-09T21:00,15.9,0.0,12.0,75,0
2026-10-09T22:00,15.8,0.0,12.1,93,0
2026-10-09T23:00,16.1,0.0,11.2,91,0
